ISIN,SHORTNAME,RATING,YEARS_TO_MATURITY,DIRTY_PRICE_RUB,YTM_PCT,COUPONPERCENT,FACEVALUE,MATDATE,RATING_SCORE
RU0002868001,ОФЗ 46012,AAA,3.2663,1049.128,1.237,7.673,950.0,2029-09-05,0
RU000A0GN9A7,ОФЗ 46020,AAA,9.6865,705.2,13.2907,6.9,1000.0,2036-02-06,0
RU000A0JQAM6,ДОМ.РФ15об,AAA,2.2943,1088.96,15.9875,18.0,1000.0,2028-09-15,8
RU000A0JR4U9,ГлДорога 3,A,2.4175,371.88,16.7401,10.74,375.0,2028-10-30,8
RU000A0JRJB8,ЗСД 01,AA+,4.95,1098.2,8.117,10.44,1000.0,2031-05-13,8
RU000A0JRJL7,ЗСД 02,AA+,4.95,1041.6,9.0105,10.44,1000.0,2031-05-13,8
RU000A0JRTL6,ОФЗ 46023,AAA,0.1451,102.591,8.9933,8.16,100.0,2026-07-23,0
RU000A0JRU20,СЗКК 03,BBB,5.3224,513.2135,12.2308,8.91,567.0,2031-09-26,8
RU000A0JRU46,СЗКК 04,BBB,5.3224,538.2182,9.2474,8.91,567.0,2031-09-26,8
RU000A0JS3W6,ОФЗ 26207,AAA,0.679,998.68,12.8744,8.15,1000.0,2027-02-03,0
RU000A0JS4L7,ЗСД 05,AA+,5.6865,1449.89,1.9949,9.84,1000.0,2032-02-06,8
RU000A0JS4Z7,ВЭБ.РФ 21,AAA,5.7166,1162.22,9.5324,19.15,1000.0,2032-02-17,8
RU000A0JSGV0,РЖД-32 обл,AAA,6.0698,1033.84,14.4902,9.8,1000.0,2032-06-25,8
RU000A0JSQ58,ФСК РС-22,AAA,1.1389,1042.4,11.309,12.0,1000.0,2027-07-21,8
RU000A0JT403,ВЭБ.РФ 18,AAA,6.2998,1070.87,14.014,17.09,1000.0,2032-09-17,8
RU000A0JT6B2,ВЭБ.РФ 19,AAA,6.3162,1029.5,13.3266,14.9,1000.0,2032-09-23,8
RU000A0JTFB2,ГлДорога 6,A,2.4805,427.54,4.5898,10.74,375.0,2028-11-22,8
RU000A0JTK38,ОФЗ 26212,AAA,1.6372,943.62,13.1855,7.05,1000.0,2028-01-19,0
RU000A0JTU85,РЖД-28 обл,AAA,1.807,1101.31,14.4029,18.1,1000.0,2028-03-21,8
RU000A0JUAH8,РЖД-30 обл,AAA,2.4394,1044.49,14.7091,15.98,1000.0,2028-11-07,8
RU000A0JUKX4,ДОМ.РФ30об,AAA,6.7515,1019.77,7.8998,13.6,1000.0,2033-03-01,8
RU000A0JUT85,ПЕРЕСВЕТБ2,BBB-,8.178,241.37,20.2038,0.51,1000.0,2034-08-04,8
RU000A0JV4M0,ОФЗ 29007,AAA,0.7556,1061.87,15.2968,17.48,1000.0,2027-03-03,0
RU000A0JV4N8,ОФЗ 29009,AAA,5.9302,1065.52,16.0159,16.94,1000.0,2032-05-05,0
RU000A0JV4P3,ОФЗ 29008,AAA,3.3429,1062.53,16.3069,17.18,1000.0,2029-10-03,0
RU000A0JV4Q1,ОФЗ 29010,AAA,8.5175,1149.23,18.5058,19.14,1000.0,2034-12-06,0
RU000A0JV4R9,ДОМ.РФ31об,AAA,7.6742,1061.68,11.8682,15.5,1000.0,2034-02-01,8
RU000A0JVM32,ПЕРЕСВЕТБ3,BBB-,9.0568,383.29,12.2586,0.51,1000.0,2035-06-21,8
RU000A0JVVL4,ПЕРЕСВ БП2,BBB-,9.3279,371.09,12.2855,0.51,1000.0,2035-09-28,8
RU000A0JVW48,ОФЗ 26218,AAA,5.2977,821.32,14.2901,8.5,1000.0,2031-09-17,0
RU000A0JWB59,Держава 03,BBB,9.7495,1133.19,13.5748,15.0,1000.0,2036-02-29,8
RU000A0JWHU2,РЖД БО-17,AAA,14.9049,851.46,14.7347,9.85,1000.0,2041-04-26,8
RU000A0JWK74,ОДК 01,A+,0.0274,1053.48,17.295,10.75,1000.0,2026-06-10,8
RU000A0JWM07,ОФЗ 26219,AAA,0.2957,1002.1,13.3338,7.75,1000.0,2026-09-16,0
RU000A0JWM15,ПЕРЕСВ БП5,BBB-,10.0123,465.56,8.9302,0.51,1000.0,2036-06-04,8
RU000A0JWN63,МОСТРЕСТ 7,BBB,0.1013,984.94,16.6911,0.01,1000.0,2026-07-07,8
RU000A0JWN89,МОСТРЕСТ 8,BBB,0.1615,979.03,14.3032,0.01,1000.0,2026-07-29,8
RU000A0JWNB0,ТбанкБ26,AA,0.1396,1022.67,11.5936,7.65,1000.0,2026-07-21,8
RU000A0JWRV9,МТС БО-02,AAA,5.2074,1081.92,12.5797,15.0,1000.0,2031-08-15,8
RU000A0JWST1,ГТЛК БО-08,AA-,0.2546,970.35,10.4484,0.1,1000.0,2026-09-01,8
RU000A0JWT91,Удмурт2016,BBB,0.3039,505.15,15.3323,10.55,500.0,2026-09-19,8
RU000A0JWTL6,ПочтаРосБ3,AA,0.2793,1039.26,15.9199,15.25,1000.0,2026-09-10,8
RU000A0JWTN2,Ростел1P1R,AAA,0.2793,1059.55,14.0173,19.25,1000.0,2026-09-10,8
RU000A0JWTV5,ГТЛК 1P-01,AA-,5.2649,375.6301,0.2853,15.09,269.0,2031-09-05,8
RU000A0JWV89,Акрон Б1P1,AA,0.3176,981.09,7.9776,3.0,1000.0,2026-09-24,8
RU000A0JWVL2,ЕвропланБ7,AA,0.3313,1049.69,13.8656,20.1,1000.0,2026-09-29,8
RU000A0JWYJ0,Самолет 01,A-,0.4162,1021.39,28.6313,26.0,1000.0,2026-10-30,8
RU000A0JWYQ5,СистемБ1P4,AA-,0.4162,1035.81,16.9446,21.0,1000.0,2026-10-30,8
RU000A0JWZY6,СистемБ1P5,AA-,0.4545,1013.9,13.8648,15.0,1000.0,2026-11-13,8
RU000A0JX132,Роснфт1P1,AAA,0.4873,1022.12,3.7037,8.0,1000.0,2026-11-25,8
RU000A0JX1S1,РЖД-41 обл,AAA,5.4921,1175.76,12.4428,24.0,1000.0,2031-11-27,8
RU000A0JX355,Роснфт1P2,AAA,0.5311,1031.4,8.5819,8.0,1000.0,2026-12-11,8
RU000A0JX3M0,ДОМРФИА 1P,AAA,13.577,40.7568,22.3358,0.0,39.86,2039-12-28,8
RU000A0JX5W4,АльфаБО-18,BBB,5.5989,1058.07,15.1813,14.85,1000.0,2032-01-05,8
RU000A0JXE06,ГТЛК 1P-03,AA-,5.6454,994.35,20.2041,17.2,1000.0,2032-01-22,8
RU000A0JXFM1,ОФЗ 26221,AAA,6.8118,744.94,14.4308,7.7,1000.0,2033-03-23,0
RU000A0JXGV0,ПЕРЕСВ С01,BBB-,5.7084,64.1879,34.8819,0.51,329.0,2032-02-14,8
RU000A0JXK99,ТрансФ1P02,A,0.731,1089.13,13.6885,19.0,1000.0,2027-02-22,8
RU000A0JXMP0,ПочтаРосБ4,AA,0.8077,1100.92,4.0538,14.2,1000.0,2027-03-22,8
RU000A0JXN05,РЖД Б01P1R,AAA,5.9658,1071.23,14.8309,18.4,1000.0,2032-05-18,8
RU000A0JXN21,СистемБ1P6,AA-,0.8186,980.27,16.4826,10.5,1000.0,2027-03-26,8
RU000A0JXPG2,ГТЛК 1P-04,AA-,5.8508,1023.18,16.6865,16.0,1000.0,2032-04-06,8
RU000A0JXPN8,Ростел1P2R,AAA,0.8706,1071.84,13.9396,19.5,1000.0,2027-04-14,8
RU000A0JXQ44,РЖД Б01P2R,AAA,10.8392,1020.64,14.7362,14.4,1000.0,2037-04-02,8
RU000A0JXQK2,Роснфт1P4,AAA,0.8925,977.36,13.1332,9.0,1000.0,2027-04-22,8
RU000A0JXR84,РЖД Б01P3R,AAA,10.8966,1088.19,14.5094,17.95,1000.0,2037-04-23,8
RU000A0JXRD5,ПочтаРБ1P2,AA,0.9446,1014.92,14.5021,15.15,1000.0,2027-05-11,8
RU000A0JXS59,ПочтаРБ1P3,AA,0.9665,1009.93,16.7203,17.5,1000.0,2027-05-19,8
RU000A0JXS83,ЯрОбл 2017,A-,0.8871,370.7825,13.715,8.4,375.0,2027-04-20,8
RU000A0JXSS1,Акрон Б1P2,AA,0.9829,966.06,8.6461,5.0,1000.0,2027-05-25,8
RU000A0JXT58,МежИнБ01P1,A,0.7502,840.13,18.6517,0.01,1000.0,2027-03-01,8
RU000A0JXXD3,Роснфт1P6,AAA,1.1198,985.07,12.8528,8.0,1000.0,2027-07-14,8
RU000A0JXXE1,Роснфт1P7,AAA,1.1198,974.77,8.5929,8.0,1000.0,2027-07-14,8
RU000A0JXZB2,РЖД Б01P4R,AAA,6.1629,1079.28,12.3596,14.5,1000.0,2032-07-29,8
RU000A0NR2Q5,СберCIB465,BBB,0.1232,752.0,966.3749,0.01,1000.0,2026-07-15,8
RU000A0NR2V5,СберCIB470,BBB,0.178,468.0,7510.2131,0.01,1000.0,2026-08-04,8
RU000A0NR3W1,СберСIB485,AAA,0.2957,199.0,24572.1641,0.01,1000.0,2026-09-16,8
RU000A0NR3Z4,СберСIB488,AAA,0.2957,379.4,2615.7692,0.01,1000.0,2026-09-16,8
RU000A0NR5W6,СберСIB530,AAA,1.0075,944.2,5.9082,0.01,1000.0,2027-06-03,8
RU000A0NR888,СберСIB551,AAA,4.3422,425.0,21.794,0.01,1000.0,2030-10-03,8
RU000A0NR896,СберСIB552,AAA,2.3792,823.0,8.55,0.01,1000.0,2028-10-16,8
RU000A0NR8D0,СберСIB556,AAA,4.5448,793.0,5.2468,0.01,1000.0,2030-12-16,8
RU000A0NR8E8,СберСIB557,AAA,2.8036,1000.0,0.0107,0.01,1000.0,2029-03-20,8
RU000A0NR8G3,СберСIB559,AAA,4.8159,811.9,4.4322,0.01,1000.0,2031-03-25,8
RU000A0NR953,СберCIB594,AAA,0.3723,682.3,181.6761,0.01,1000.0,2026-10-14,8
RU000A0NR961,СберCIB595,AAA,0.3504,646.6,23.7596,0.01,1000.0,2026-10-06,8
RU000A0NTYA7,ВТБ С1-713,AAA,0.3203,670.27,252.4715,0.01,1000.0,2026-09-25,8
RU000A0NW185,СберCIB627,AAA,0.3751,748.5,122.927,0.01,1000.0,2026-10-15,8
RU000A0NW1E6,СберCIB633,AAA,0.3559,139.0,26517.7701,0.01,1000.0,2026-10-08,8
RU000A0NW1P2,СберCIB642,AAA,0.4326,660.0,162.9266,0.01,1000.0,2026-11-05,8
RU000A0NW1S6,СберCIB645,AAA,0.5092,528.0,252.7709,0.01,1000.0,2026-12-03,8
RU000A0NX2N4,ВТБ С1-733,AAA,0.386,430.06,803.1955,0.01,1000.0,2026-10-19,8
RU000A0NX4U5,СберCIB681,AAA,0.4326,723.0,112.6932,0.01,1000.0,2026-11-05,8
RU000A0ZYAP9,ГТЛК 1P-06,AA-,6.256,520.2278,20.6468,17.0,533.21,2032-09-01,8
RU000A0ZYBM4,АльфаБО-21,BBB,6.371,1011.31,15.4311,13.05,1000.0,2032-10-13,8
RU000A0ZYCP5,Роснфт1P8,AAA,1.3333,1013.97,7.6031,8.0,1000.0,2027-09-30,8
RU000A0ZYEB1,ТрансФ1P04,A,1.3717,1030.38,17.2059,18.0,1000.0,2027-10-14,8
RU000A0ZYF20,ДОМ.РФ Б-6,AAA,24.4381,1009.52,11.6162,14.3,1000.0,2050-11-07,8
RU000A0ZYFM5,ДОМ.РФ Б-8,AAA,24.4545,1016.93,11.5775,14.25,1000.0,2050-11-13,8
RU000A0ZYFS2,ТрансФ1P05,A,1.4264,1112.65,6.2309,17.5,1000.0,2027-11-03,8
RU000A0ZYG52,Ростел1P3R,AAA,1.4428,1013.24,13.4738,13.8,1000.0,2027-11-09,8
RU000A0ZYHW0,ЛевенгукБ1,BBB,1.4784,990.78,16.2057,14.5,1000.0,2027-11-22,8
RU000A0ZYJ91,ФСК РС Б4,AAA,26.3984,997.97,12.6301,12.0,1000.0,2052-10-23,8
RU000A0ZYKH5,Оренб35004,AA-,1.5058,812.92,9.0991,8.18,800.0,2027-12-02,8
RU000A0ZYKJ1,СПбГО35002,AAA,0.512,252.28,14.0438,7.65,250.0,2026-12-04,8
RU000A0ZYLG5,Роснфт2P3,AAA,1.525,1092.96,13.5861,14.95,1000.0,2027-12-09,8
RU000A0ZYLK7,ВЦЗ 1P1R,BBB,1.5277,921.66,17.4907,0.75,1000.0,2027-12-10,8
RU000A0ZYLU6,ДОМ.РФ1P1R,AAA,1.5359,1031.45,17.3679,15.0,1000.0,2027-12-13,8
RU000A0ZYMN9,ВертолетБ3,BBB,1.5441,1040.02,8.9884,8.8,1000.0,2027-12-16,8
RU000A0ZYNY4,ГТЛК 1P-07,AA-,6.5873,982.39,18.7002,11.7,1000.0,2032-12-31,8
RU000A0ZYQY7,СистемБ1P7,AA-,1.6427,1068.25,18.5215,19.5,1000.0,2028-01-21,8
RU000A0ZYR91,ГТЛК 1P-08,AA-,6.6366,951.05,18.1328,11.32,1000.0,2033-01-18,8
RU000A0ZYT40,Роснфт2P4,AAA,1.6783,989.74,13.95,8.0,1000.0,2028-02-03,8
RU000A0ZYU05,РЖД 1Р-05R,AAA,6.6749,1054.65,14.6037,15.3,1000.0,2033-02-01,8
RU000A0ZYU21,АЛЬФА БО40,BBB,6.7598,1039.56,13.3631,13.2,1000.0,2033-03-04,8
RU000A0ZYU54,Сферфин1P1,BBB,6.6776,1045.62,14.2124,15.0,1000.0,2033-02-02,8
RU000A0ZYUA9,ОФЗ 26224,AAA,2.9788,853.51,13.4832,6.9,1000.0,2029-05-23,0
RU000A0ZYUB7,ОФЗ 26225,AAA,7.9425,677.73,14.7032,7.25,1000.0,2034-05-10,0
RU000A0ZYVU5,Роснфт2P5,AAA,1.7194,959.65,13.8928,9.0,1000.0,2028-02-18,8
RU000A0ZYWB3,АЛЬФА БО39,BBB,6.7953,1099.21,14.2297,18.3,1000.0,2033-03-17,8
RU000A0ZYWU3,Система1P8,AA-,1.7331,987.09,15.554,12.0,1000.0,2028-02-23,8
RU000A0ZYYE3,Ростел1P4R,AAA,1.7577,1036.15,14.0,14.0,1000.0,2028-03-03,8
RU000A0ZYZ26,ОФЗ 52002,AAA,1.6756,1579.3419,9.3076,2.5,1741.56,2028-02-02,0
RU000A0ZZ1J8,ГТЛК 1P-09,AA-,6.7981,999.54,21.0473,18.0,1000.0,2033-03-18,8
RU000A0ZZ1M2,ПИК БО-П04,AA-,1.8152,1003.67,18.5141,16.0,1000.0,2028-03-24,8
RU000A0ZZ1N0,ДОМ 1P-3R,AAA,1.8152,1028.73,7.3568,14.4,1000.0,2028-03-24,8
RU000A0ZZ4P9,РЖД 1Р-06R,AAA,6.8446,1083.94,14.2761,18.5,1000.0,2033-04-04,8
RU000A0ZZ5H3,ПочтаРБ1P4,AA,1.9001,1030.36,15.9438,17.5,1000.0,2028-04-24,8
RU000A0ZZ5J9,ПочтаРБ1P5,AA,1.9001,1031.76,15.8663,17.5,1000.0,2028-04-24,8
RU000A0ZZ877,КАМАЗ БО10,A,6.9432,832.57,21.0494,15.31,1000.0,2033-05-10,8
RU000A0ZZ885,КАМАЗ БО-9,A,6.9432,829.67,20.9979,15.31,1000.0,2033-05-10,8
RU000A0ZZ893,КАМАЗ БО11,A,6.9432,835.57,20.9327,15.31,1000.0,2033-05-10,8
RU000A0ZZ984,ГТЛК 1P-10,AA-,6.9706,725.21,15.9955,0.1,1000.0,2033-05-20,8
RU000A0ZZ9R4,РЖД 1Р-07R,AAA,6.987,1169.57,13.6795,18.0,1000.0,2033-05-26,8
RU000A0ZZCH9,ИА ДОМ 5P2,AAA,16.909,110.4144,12.8845,8.0,119.81,2043-04-28,8
RU000A0ZZDB0,ЕАБР 1Р-01,AAA,2.1136,958.15,12.403,8.2,1000.0,2028-07-11,8
RU000A0ZZGT5,РЖД 1Р-08R,AAA,2.1766,1047.11,16.1336,15.32,1000.0,2028-08-03,8
RU000A0ZZNL8,Сферфин1P2,BBB,6.9295,1007.19,14.0379,14.0,1000.0,2033-05-05,8
RU000A0ZZNW5,ИА ДОМ 4P2,AAA,21.3279,82.6349,12.5532,8.3,87.69,2047-09-28,8
RU000A0ZZQH9,СвердлОбл5,AA,0.397,50.135,13.2816,8.68,50.0,2026-10-23,8
RU000A0ZZRY2,РЖД 1Р-09R,AAA,7.373,1016.64,15.312,14.82,1000.0,2033-10-14,8
RU000A0ZZS73,Сферфин1P3,BBB,6.9295,1006.79,14.136,14.0,1000.0,2033-05-05,8
RU000A0ZZTL5,ФПК 1P-05,AA+,2.4257,990.56,16.9259,15.24,1000.0,2028-11-02,8
RU000A0ZZV11,ГТЛК 1P-12,AA-,7.4305,972.49,17.0417,9.1,1000.0,2033-11-04,8
RU000A0ZZV86,ИА ДОМ 6P2,AAA,21.9932,85.7706,13.1827,9.95,88.84,2048-05-28,8
RU000A0ZZYW2,ОФЗ 26226,AAA,0.3532,996.11,12.8909,7.95,1000.0,2026-10-07,0
RU000A0ZZZ09,ИА ДОМ 8P2,AAA,18.5791,95.3686,12.7303,9.28,98.62,2044-12-28,8
RU000A0ZZZ17,НКНХ 1Р-01,AAA,2.5216,1118.81,14.2861,15.7,1000.0,2028-12-07,8
RU000A0ZZZ58,ИА ДОМ 7P2,AAA,22.078,160.3503,13.2855,0.0,172.29,2048-06-28,8
RU000A100030,Автодор2Р1,AA,4.5339,594.304,16.2579,15.14,560.0,2030-12-12,8
RU000A1001T8,ММЦБ П01-1,BBB-,2.6201,1042.48,18.5397,19.0,1000.0,2029-01-12,8
RU000A1003A4,ГТЛК 1P-13,AA-,7.6413,963.49,17.5887,9.57,1000.0,2034-01-20,8
RU000A1004W6,ДОМ 1P-5R,AAA,2.7159,1044.74,13.9435,15.4,1000.0,2029-02-16,8
RU000A1005L6,Система1P9,AA-,2.7296,1040.51,18.6637,17.5,1000.0,2029-02-21,8
RU000A1006C3,ПионЛизБП2,B,2.6448,714.94,46.4271,21.25,1000.0,2029-01-21,8
RU000A100725,БрайтФ БП1,BBB,2.7899,1051.12,20.1791,20.5,1000.0,2029-03-15,8
RU000A1007H0,Славнеф1Р2,AA,2.7899,1060.85,14.2556,15.5,1000.0,2029-03-15,8
RU000A1007Z2,РЖД 1Р-13R,AAA,2.8008,920.0,13.8577,9.1,1000.0,2029-03-19,8
RU000A100881,Ростел1P5R,AAA,2.8063,1026.57,14.3917,14.0,1000.0,2029-03-21,8
RU000A1008D7,РЖД 1Р-14R,AAA,2.9268,896.73,14.1721,9.1,1000.0,2029-05-04,8
RU000A1008J4,Систем1P10,AA-,2.8118,1012.87,18.5271,16.0,1000.0,2029-03-23,8
RU000A1008P1,Роснфт2P6,AAA,2.8118,929.52,13.5084,9.0,1000.0,2029-03-23,8
RU000A1008V9,РОСНАНО 8,BBB,1.8234,933.24,23.6745,16.05,1000.0,2028-03-27,8
RU000A1008Y3,ПочтаРБ1P7,AA,2.8227,1049.23,16.5565,18.5,1000.0,2029-03-27,8
RU000A1009L8,РЖД 1Р-15R,AAA,0.8515,980.46,13.4286,8.8,1000.0,2027-04-07,8
RU000A1009Z8,О'КЕЙ Б1Р2,A-,2.8501,889.92,16.3445,10.0,1000.0,2029-04-06,8
RU000A100A82,ОФЗ 26228,AAA,3.8604,839.03,13.9075,7.65,1000.0,2030-04-10,0
RU000A100DG5,ЕвропланБ6,AA,2.9569,415.73,15.26,22.5,400.0,2029-05-15,8
RU000A100DQ4,ИА ДОМ 9P2,AAA,2.8474,104.7517,15.6124,9.5,111.72,2029-04-05,8
RU000A100DZ5,СовкомБОП1,AA,2.9624,1005.53,14.9647,15.0,1000.0,2029-05-17,8
RU000A100EF5,ОФЗ 26230,AAA,12.7912,631.33,14.7724,7.7,1000.0,2039-03-16,0
RU000A100ET6,ДОМ 1P-6R,AAA,12.9473,997.33,16.1959,14.1,1000.0,2039-05-12,8
RU000A100EV2,iУОМЗ Б-П1,A-,2.9815,931.11,3951.0286,0.1,1000.0,2029-05-24,8
RU000A100FE5,ГТЛК 1P-14,AA-,7.9836,1013.37,17.1259,11.39,1000.0,2034-05-25,8
RU000A100HY9,РЖД 1Р-16R,AAA,0.0684,1031.41,10.9707,7.9,1000.0,2026-06-25,8
RU000A100KY3,Роснфт2P8,AAA,3.0883,969.19,11.8033,9.0,1000.0,2029-07-02,8
RU000A100N12,Систем1P11,AA-,3.1266,951.72,20.6709,10.9,1000.0,2029-07-16,8
RU000A100PB0,ЖКХРСЯ БО1,C,0.1588,1018.05,29.4062,23.0,1000.0,2026-07-28,8
RU000A100Q35,ПР-Лиз 1P3,BBB+,0.1013,1013.61,19.8823,19.0,1000.0,2026-07-07,8
RU000A100Q50,Самолет1P5,A-,3.1677,1006.48,21.8175,19.0,1000.0,2029-07-31,8
RU000A100QA0,Самолет1P6,A-,3.1704,881.77,36.6305,18.75,1000.0,2029-08-01,8
RU000A100SZ3,ПочтаРБ1P6,AA,3.2307,1036.61,13.7931,15.25,1000.0,2029-08-23,8
RU000A100T81,ЮниМетр01,BBB,0.1752,249.55,24.4739,12.0,250.0,2026-08-03,8
RU000A100TB2,ПНППК 1P01,BBB,3.2444,1093.1,14.1672,18.0,1000.0,2029-08-28,8
RU000A100UT2,ПочтаРБ1P8,AA,3.2827,1045.59,15.3557,18.2,1000.0,2029-09-11,8
RU000A100VG7,СУЭК-Ф1P3R,A-,3.2882,889.42,17.783,2.1,1000.0,2029-09-13,8
RU000A100VX2,МБЭС 1P-01,AAA,3.3238,1021.63,15.4139,14.5,1000.0,2029-09-26,8
RU000A100W60,ЕвропланБ3,AA,3.3073,1067.03,15.7639,19.5,1000.0,2029-09-20,8
RU000A100WF7,Новосиб10,A-,0.3559,300.45,10.564,7.3,300.0,2026-10-08,8
RU000A100YQ0,Роснфт2P9,AAA,3.3648,906.49,13.6399,9.0,1000.0,2029-10-11,8
RU000A100YY4,ИА ДОМ11P2,AAA,23.6632,154.9529,12.3537,7.1,178.78,2050-01-28,8
RU000A100ZB9,ИА ДОМ10P2,AAA,23.3292,142.6196,14.4033,0.0,156.88,2049-09-28,8
RU000A101012,Систем1P12,AA-,3.3977,1021.56,17.6062,18.0,1000.0,2029-10-23,8
RU000A1010B7,ТрнфБО1P13,AAA,0.4162,981.51,13.2926,6.85,1000.0,2026-10-30,8
RU000A1010D3,Якут-13 об,A+,0.4244,296.35,13.2597,6.95,300.0,2026-11-02,8
RU000A1011B5,КраснодКр3,AA,0.4517,391.14,13.8898,6.95,400.0,2026-11-12,8
RU000A1013N6,ПионЛизБП3,B,3.3457,704.55,43.1614,21.0,1000.0,2029-10-04,8
RU000A1013P1,ВЭБ1P-18,AAA,0.4654,976.09,13.5624,7.27,1000.0,2026-11-17,8
RU000A1013U1,Славнеф1Р3,AA,3.4606,1035.24,14.2448,15.95,1000.0,2029-11-15,8
RU000A1014J2,ВТБ Т2-3,AAA,3.9726,10197942.47,18.2639,18.22,10000000.0,2030-05-21,8
RU000A1014N4,ОФЗ 26232,AAA,1.3498,925.67,13.1348,6.0,1000.0,2027-10-06,0
RU000A101590,ДОМ 1P-7R,AAA,13.4483,1068.55,0.4004,14.1,1000.0,2039-11-11,8
RU000A1016N9,СвердлОбл6,AA,0.5421,248.9,10.8182,6.7,250.0,2026-12-15,8
RU000A1017J5,Газпнф3P2R,AAA,3.5209,833.37,14.5319,7.15,1000.0,2029-12-07,8
RU000A1018M7,СОПФ ФПФ 1,AAA,0.5695,992.6,16.5118,6.84,1000.0,2026-12-25,8
RU000A1018T2,ИА ДОМ13P2,AAA,23.9343,156.5216,11.7849,8.922,167.6,2050-05-07,8
RU000A101CL5,ФСК РС1Р4,AAA,8.616,808.1,14.4159,6.75,1000.0,2035-01-11,8
RU000A101CQ4,СУЭК-Ф1P5R,A-,3.6304,1073.67,19.8804,19.9,1000.0,2030-01-16,8
RU000A101DA6,sРуСол клА,A-,4.7118,399.3235,20.9824,16.422,436.81,2031-02-15,8
RU000A101DB4,sРуСол клБ,A-,4.7118,509.678,23.995,20.422,530.0,2031-02-15,8
RU000A101F94,ОФЗ 26233,AAA,9.1307,617.43,14.5643,6.1,1000.0,2035-07-18,0
RU000A101FG8,Ростел2P2R,AAA,0.6982,976.02,13.8104,6.65,1000.0,2027-02-10,8
RU000A101FH6,МТС 1P-14,AAA,0.7009,961.54,13.4514,6.6,1000.0,2027-02-11,8
RU000A101GD3,ГТЛК 1P-16,AA-,1.7166,229.27,15.6792,6.95,250.0,2028-02-17,8
RU000A101H84,РЖД 1Р-18R,AAA,3.7262,1027.6,16.1377,15.05,1000.0,2030-02-20,8
RU000A101JD7,ИА ДОМ 5P1,AAA,18.9103,173.5814,12.8741,6.5,207.43,2045-04-28,8
RU000A101KT1,ОФЗ 29013,AAA,4.3012,1008.78,17.1815,0.0,1000.0,2030-09-18,0
RU000A101M04,РЖД 1Р-20R,AAA,0.7885,963.36,14.3667,7.35,1000.0,2027-03-15,8
RU000A101MB5,СовкомБОП2,AA,3.8795,1010.26,14.6194,13.5,1000.0,2030-04-17,8
RU000A101NG2,МТС 1P-15,AAA,0.4326,982.7,12.4516,6.6,1000.0,2026-11-05,8
RU000A101P27,Якут-35014,A+,0.9473,388.44,13.9882,6.49,400.0,2027-05-12,8
RU000A101Q26,Систем1P13,AA-,3.9562,990.1,20.4122,16.0,1000.0,2030-05-15,8
RU000A101QL5,ГТЛК 1P-17,AA-,8.9528,1003.81,16.9583,16.0,1000.0,2035-05-14,8
RU000A101QN1,ГазпромКP4,AAA,0.9829,931.63,14.0532,5.9,1000.0,2027-05-25,8
RU000A101RJ7,МБЭС 1P-02,AAA,4.0082,1113.58,14.1296,16.4,1000.0,2030-06-03,8
RU000A101RT6,Казахст05,BBB,0.0602,1028.1,11.9405,7.48,1000.0,2026-06-22,8
RU000A101RV2,Казахст07,BBB,1.2923,929.94,14.4482,6.55,1000.0,2027-09-15,8
RU000A101RW0,Казахст08,BBB,2.0534,927.13,14.9172,7.69,1000.0,2028-06-19,8
RU000A101RZ3,Казахст11,BBB,4.282,784.78,14.8429,7.0,1000.0,2030-09-11,8
RU000A101S08,Казахст12,BBB,5.0431,809.45,14.8084,7.92,1000.0,2031-06-16,8
RU000A101S16,Казахст13,BBB,5.0431,810.95,14.787,7.92,1000.0,2031-06-16,8
RU000A101SC0,ГТЛК 1P-18,AA-,8.9774,937.53,17.6368,7.84,1000.0,2035-05-23,8
RU000A101SD8,ГТЛК 1P-19,AA-,8.9774,886.25,16.5795,7.97,1000.0,2035-05-23,8
RU000A101SF3,Роснфт2P10,AAA,3.9945,1016.63,8.8305,8.0,1000.0,2030-05-29,8
RU000A101T56,РСЭКСМБ2Р2,AA+,4.011,1131.12,14.3052,18.4,1000.0,2030-06-04,8
RU000A101T64,Славнеф1Р1,AA,4.011,1084.3,14.2413,18.25,1000.0,2030-06-04,8
RU000A101TB0,ВЭБ 1P-19,AAA,1.0267,967.23,13.7295,6.59,1000.0,2027-06-10,8
RU000A101TD6,ИА ДОМ15P2,AAA,22.9925,147.4285,12.4968,5.9,175.26,2049-05-28,8
RU000A101U61,Ульоб35002,BBB,1.0678,493.83,14.8409,6.6,500.0,2027-06-25,8
RU000A101UE2,РСЭКСМБ2Р3,AA+,4.0465,979.37,12.0763,6.64,1000.0,2030-06-17,8
RU000A101UW4,sСоц.раз02,A-,0.6078,156.9106,17.1793,16.31,153.12,2027-01-08,8
RU000A101WR0,ОГК-2 2Р01,AA+,0.104,1033.9,17.5096,10.1,1000.0,2026-07-08,8
RU000A101XD8,iMT_FREE01,A-,0.1205,1085.28,20.7897,22.0,1000.0,2026-07-14,8
RU000A101XN7,Систем1P14,AA-,4.1095,948.51,19.7628,10.5,1000.0,2030-07-10,8
RU000A101XS6,МОЭК БО1P4,AAA,0.1232,1074.34,12.8785,16.5,1000.0,2026-07-15,8
RU000A101Z17,СвердлОбл8,AA,1.1608,576.29,14.5648,6.1,600.0,2027-07-29,8
RU000A101Z74,ГПБ001P17P,AA+,4.167,1018.02,14.5199,12.75,1000.0,2030-07-31,8
RU000A101ZH4,ПочтаР1P10,AA,4.1451,1092.54,15.8522,17.45,1000.0,2030-07-23,8
RU000A102069,ОФЗ 52003,AAA,4.1287,1320.2291,7.6863,2.5,1583.4,2030-07-17,0
RU000A1020L5,СамарОбл15,AA,0.178,198.17,14.1371,5.8,200.0,2026-08-04,8
RU000A1021G3,РВК-Ин1Р01,A+,4.1834,1067.43,12.895,18.75,1000.0,2030-08-06,8
RU000A1022E6,ПР-Лиз 2P1,BBB+,3.1951,1000.9,19.5952,19.0,1000.0,2029-08-10,8
RU000A1023K1,Систем1P15,AA-,4.2382,1037.19,17.591,16.5,1000.0,2030-08-26,8
RU000A1024L7,Томскобл20,BBB,1.1444,383.58,15.1524,6.7,400.0,2027-07-23,8
RU000A102556,СЭЗ 1P2,BBB+,1.2895,941.68,19.0513,10.75,1000.0,2027-09-14,8
RU000A1025A7,ОФЗ 29015,AAA,2.3847,1012.12,16.3454,0.0,1000.0,2028-10-18,0
RU000A1025B5,ОФЗ 29016,AAA,0.564,1029.01,16.599,0.0,1000.0,2026-12-23,0
RU000A1026H0,ГИДРОМАШБ3,A,4.3066,1030.57,15.885,16.0,1000.0,2030-09-20,8
RU000A102879,ВТБСУБТ2-1,AAA,4.8378,9878041.1,18.5692,16.66,10000000.0,2031-04-02,8
RU000A102887,ВТБСУБТ2-2,AAA,4.8378,8779178.08,23.5719,17.2,10000000.0,2031-04-02,8
RU000A1028D5,ОФЗ 29017,AAA,6.2368,1009.39,16.213,14.64,1000.0,2032-08-25,0
RU000A1028E3,ОФЗ 26235,AAA,4.7803,744.46,14.1603,5.9,1000.0,2031-03-12,0
RU000A102952,ВИС Ф БП01,A+,1.3662,932.52,17.8853,10.0,1000.0,2027-10-12,8
RU000A102986,СУЭК-Ф1P6R,A-,4.3614,1047.44,16.6186,18.9,1000.0,2030-10-10,8
RU000A102A15,СПбГО35003,AAA,0.8679,480.61,13.7848,6.05,500.0,2027-04-13,8
RU000A102A31,ОФЗ 29018,AAA,5.4894,1012.26,16.186,14.64,1000.0,2031-11-26,0
RU000A102A49,ОФЗ 29019,AAA,3.1321,1009.2,16.4425,0.0,1000.0,2029-07-18,0
RU000A102AP8,ИА ДОМ17P2,AAA,24.4956,205.3528,12.7502,5.2,257.27,2050-11-28,8
RU000A102BK7,О'КЕЙ Б1Р4,A-,4.4025,838.08,16.1793,9.9,1000.0,2030-10-25,8
RU000A102BT8,ОФЗ 26236,AAA,1.963,880.91,13.1859,5.7,1000.0,2028-05-17,0
RU000A102BV4,ОФЗ 29020,AAA,1.3114,1027.91,16.6201,0.0,1000.0,2027-09-22,0
RU000A102CR0,МосОб35015,AAA,0.4463,292.21,13.4933,5.95,300.0,2026-11-10,8
RU000A102CT6,СвердлОбл9,AA,1.4648,374.85,14.5093,6.25,400.0,2027-11-17,8
RU000A102D46,ИА ДОМ18P2,AAA,24.7474,223.0459,11.562,5.85,270.88,2051-02-28,8
RU000A102DB2,ГПБ001P18P,AA+,4.4736,1044.94,14.1242,15.0,1000.0,2030-11-20,8
RU000A102EE4,Роснфт3P02,AAA,4.4572,1020.63,4.11,8.0,1000.0,2030-11-14,8
RU000A102EF1,Роснфт3P01,AAA,4.4572,1020.73,4.11,8.0,1000.0,2030-11-14,8
RU000A102FS1,Систем1P16,AA-,4.4873,921.98,21.1539,10.3,1000.0,2030-11-25,8
RU000A102FT9,Систем1P17,AA-,4.4873,999.48,18.2106,23.0,1000.0,2030-11-25,8
RU000A102FV5,Челяб35001,AA,1.5003,382.52,10.8658,6.0,400.0,2027-11-30,8
RU000A102G35,МосОб35016,AAA,1.5003,282.69,19.4929,5.95,300.0,2027-11-30,8
RU000A102GD1,ИАДОМ Б1P3,AAA,23.5784,192.0166,12.6877,6.0,227.93,2049-12-28,8
RU000A102GJ8,ГПБ001P19P,AA+,4.5311,1047.83,14.5123,12.75,1000.0,2030-12-11,8
RU000A102H34,СтаврКрай4,A+,1.5387,240.02,14.5809,6.2,250.0,2027-12-14,8
RU000A102HC1,Сбер2СУБ2R,AAA,4.7775,10306438.36,15.5753,15.0,10000000.0,2031-03-11,8
RU000A102HU3,iУОМЗ Б-П2,A-,4.512,980.78,28.1048,0.1,1000.0,2030-12-04,8
RU000A102JB9,ИАДОМ Б1P2,AAA,24.4956,239.9045,11.9217,6.05,289.38,2050-11-28,8
RU000A102K13,ИАДОМ Б1P4,AAA,25.076,224.6349,13.2831,7.9,259.82,2051-06-28,8
RU000A102K39,РЕСОЛизБП8,AA-,4.5257,1064.42,14.2391,14.0,1000.0,2030-12-09,8
RU000A102KN2,КалинОбл20,A+,1.0431,586.02,13.7543,6.1,600.0,2027-06-16,8
RU000A102L53,ИАДОМ Б1P6,AAA,24.9911,241.703,15.4219,0.0,298.62,2051-05-28,8
RU000A102L87,ИАДОМ Б1P5,AAA,24.8241,238.6915,12.6978,6.4,282.28,2051-03-28,8
RU000A102LU5,ГПБ001P20P,AA+,4.5777,1079.5,15.0479,14.25,1000.0,2030-12-28,8
RU000A102MB3,Титан-3 01,AAA,27.1595,19.5852,7.6199,7.45,19.36,2053-07-28,8
RU000A102QP4,РЖД 1Р-21R,AAA,1.0294,966.68,14.425,6.85,1000.0,2027-06-11,8
RU000A102RA4,СберИОС414,AAA,1.7659,862.6,8.824,0.01,1000.0,2028-03-06,8
RU000A102SM7,СДЭКГлБП01,BBB,0.7365,292.58,15.8961,9.5,300.0,2027-02-24,8
RU000A102SV8,Систем1P18,AA-,4.7173,898.69,16.7061,10.0,1000.0,2031-02-17,8
RU000A102SX4,Систем1P19,AA-,4.7173,1003.74,18.3945,17.5,1000.0,2031-02-17,8
RU000A102TH5,СберИОС425,AAA,1.8234,796.0,13.3843,0.01,1000.0,2028-03-27,8
RU000A102TK9,ЮСК02К,BBB,2.6448,4022.53,30.4012,8.8,5500.0,2029-01-21,8
RU000A102VR0,ГТЛК 2P-01,AA-,9.7577,994.41,21.4007,17.6,1000.0,2036-03-03,8
RU000A102W50,СберИОС430,AAA,1.9439,955.0,2.4356,0.01,1000.0,2028-05-10,8
RU000A103125,ИАДОМ Б1P7,AAA,23.0773,249.381,11.4145,6.9,280.43,2049-06-28,8
RU000A103166,ВТБ Б1-216,AAA,0.3723,927.21,22.6872,0.01,1000.0,2026-10-14,8
RU000A103174,ВТБ Б1-217,AAA,0.4873,949.9,11.1927,0.01,1000.0,2026-11-25,8
RU000A1031K4,ИАДОМ Б1P8,AAA,24.909,306.9955,12.78,6.95,371.95,2051-04-28,8
RU000A1031U3,ВЭБ1P-26,AAA,1.8836,911.96,13.5009,8.13,1000.0,2028-04-18,8
RU000A1032L0,СберИОС440,AAA,2.0068,935.0,3.4441,0.01,1000.0,2028-06-02,8
RU000A1032P1,ВТБРКС01,AAA,4.5038,102.1087,16.3538,8.0,103.96,2030-12-01,8
RU000A103372,Систем1P20,AA-,4.9144,1009.55,18.432,17.5,1000.0,2031-04-30,8
RU000A1033B9,Якут-35015,A+,1.9384,562.18,13.8545,7.25,600.0,2028-05-08,8
RU000A1033Z8,sМГор74-об,AAA,1.9658,893.63,14.3293,7.38,1000.0,2028-05-18,8
RU000A1034H4,ВТБ Б1-227,AAA,0.46,964.91,8.1318,0.01,1000.0,2026-11-15,8
RU000A103596,СберИОС447,AAA,2.0616,773.0,13.3501,0.01,1000.0,2028-06-22,8
RU000A1035H1,РЕСОЛизБП1,AA-,4.9665,1050.07,9.555,19.5,1000.0,2031-05-19,8
RU000A1035Y6,БМБанкП08,AA,0.011,999.05,7.575,0.01,1000.0,2026-06-04,8
RU000A103661,Сбер Sb27R,AAA,0.0411,1032.66,10.4347,7.4,1000.0,2026-06-15,8
RU000A1038D4,ТрансмхПБ6,AA-,0.0137,1039.08,0.7043,8.05,1000.0,2026-06-05,8
RU000A1038M5,ГТЛК 1P-20,AA-,9.9932,1000.44,21.6869,17.65,1000.0,2036-05-28,8
RU000A1038V6,ОФЗ 26238,AAA,14.9569,609.32,14.4325,7.1,1000.0,2041-05-15,0
RU000A1038Z7,ОФЗ 26237,AAA,2.7871,869.48,13.5016,6.7,1000.0,2029-03-14,0
RU000A103901,ОФЗ 26239,AAA,5.1444,779.36,14.1022,6.9,1000.0,2031-07-23,0
RU000A103943,Аэрофл БО1,AA,0.0301,1016.46,18.7289,8.35,1000.0,2026-06-11,8
RU000A103AM3,СберИОС435,AAA,0.1451,973.0,21.6081,0.01,1000.0,2026-07-23,8
RU000A103AP6,СберИОС449,AAA,2.1492,768.0,13.1131,0.01,1000.0,2028-07-24,8
RU000A103AT8,sАтомэнп01,AAA,0.052,1031.2,12.925,7.5,1000.0,2026-06-19,8
RU000A103BR0,ОФЗ 26240,AAA,10.1656,637.44,14.7466,7.0,1000.0,2036-07-30,0
RU000A103C53,РЕСОЛиБП11,AA-,5.0541,1105.82,16.7398,18.6,1000.0,2031-06-20,8
RU000A103C95,Систем1P21,AA-,5.0623,1024.67,19.3009,8.4,1000.0,2031-06-23,8
RU000A103DN5,Башкорт21,AA+,0.1013,403.05,11.0161,7.65,400.0,2026-07-07,8
RU000A103DS4,СибурХ Б03,AAA,5.0842,1084.42,13.2789,15.5,1000.0,2031-07-01,8
RU000A103DT2,Артгн БО01,BBB-,0.104,1007.1,21.8918,10.75,1000.0,2026-07-08,8
RU000A103DY2,БЭЛТИ БОП4,BB-,0.7064,270.652,23.5021,12.25,280.0,2027-02-13,8
RU000A103EM5,СберCIB21,BBB,0.1999,662.0,711.4299,0.01,1000.0,2026-08-12,8
RU000A103EZ7,Ростел2P6R,AAA,0.1287,1029.9,8.3148,7.7,1000.0,2026-07-17,8
RU000A103FA7,СберИОС458,AAA,2.2259,756.0,13.4337,0.01,1000.0,2028-08-21,8
RU000A103G00,sСТМ 1P2,A,0.1424,1014.86,22.0595,8.7,1000.0,2026-07-22,8
RU000A103G42,Сбер Sb29R,AAA,0.167,1017.34,12.1201,7.43,1000.0,2026-07-31,8
RU000A103HE5,СберИОС461,AAA,2.2533,756.0,13.2599,0.01,1000.0,2028-08-31,8
RU000A103KJ8,Европлн1Р3,AA,5.1882,1069.93,14.1857,20.0,1000.0,2031-08-08,8
RU000A103M36,ТрансФ1P07,A,5.2156,984.85,22.644,18.0,1000.0,2031-08-18,8
RU000A103MW7,СберИОС467,AAA,2.3436,774.0,11.5903,0.01,1000.0,2028-10-03,8
RU000A103MX5,ОФЗ 52004,AAA,5.796,1149.6745,7.6853,2.5,1488.6,2032-03-17,0
RU000A103N43,ИАДОМ Б1P9,AAA,5.243,342.3535,13.6285,7.65,398.06,2031-08-28,8
RU000A103N84,РСХБ 2Р14,AA,0.2601,1037.97,12.9383,13.4,1000.0,2026-09-03,8
RU000A103NE3,РегПрод1Р2,B-,0.2601,252.86,11.9948,11.5,250.0,2026-09-03,8
RU000A103NU9,Автодор4Р1,AA,0.2738,1001.5,13.9417,7.95,1000.0,2026-09-08,8
RU000A103P25,СберИОС468,AAA,0.3477,951.0,15.834,0.01,1000.0,2026-10-05,8
RU000A103PC2,АВТОБФ БП3,A+,0.2738,1011.21,16.168,10.0,1000.0,2026-09-08,8
RU000A103PF5,СберИОС469,AAA,0.3532,982.0,5.4663,0.01,1000.0,2026-10-07,8
RU000A103PH1,СберИОС470,AAA,2.3491,743.0,13.5209,0.01,1000.0,2028-10-05,8
RU000A103PX8,ЛСР БО 1Р7,A,0.282,398.72,17.2334,8.65,400.0,2026-09-11,8
RU000A103Q24,Сбер2СУБ3R,AAA,5.4565,9125616.44,11.0074,8.5,10000000.0,2031-11-14,8
RU000A103QH9,ЭталФинП03,BBB+,0.293,229.728,23.3624,9.1,230.0,2026-09-15,8
RU000A103QK3,МэйлБ1Р1,AA,0.293,996.87,15.1181,7.9,1000.0,2026-09-15,8
RU000A103QL1,Росагрл1Р3,AA-,0.2957,997.79,15.8414,8.45,1000.0,2026-09-16,8
RU000A103QQ0,НКНХ 1Р-02,AAA,2.2888,1000.47,13.885,8.2,1000.0,2028-09-13,8
RU000A103RL9,ПетрИнжP1,A-,0.3012,1011.37,13.3299,9.75,1000.0,2026-09-18,8
RU000A103S30,ДрктЛиз1Р7,BB,0.3149,397.5,24.4102,11.5,400.0,2026-09-23,8
RU000A103TL5,СберИОС409,AAA,0.3587,938.0,19.7203,0.01,1000.0,2026-10-09,8
RU000A103TS0,ТЕХЛиз 1P5,BB+,1.2594,796.98,27.705,11.5,900.0,2027-09-03,8
RU000A103TX0,ВТБ Б1-242,AAA,0.9802,875.0,14.6403,0.01,1000.0,2027-05-24,8
RU000A103TY8,ВТБ Б1-243,AAA,1.0678,869.54,14.0329,0.01,1000.0,2027-06-25,8
RU000A103TZ5,ВТБ Б1-244,AAA,2.1492,740.43,14.4942,0.01,1000.0,2028-07-24,8
RU000A103U02,ВТБ Б1-245,AAA,0.449,949.91,12.2079,0.01,1000.0,2026-11-11,8
RU000A103U51,ВТБ Б1-250,AAA,2.2697,981.12,0.855,0.01,1000.0,2028-09-06,8
RU000A103U69,МоторТ1Р03,BB-,0.3313,236.97,56.9125,11.75,250.0,2026-09-29,8
RU000A103UL3,ТатнхимP01,BB+,0.293,1014.14,18.4601,21.5,1000.0,2026-09-15,8
RU000A103UP4,СберИОС476,AAA,0.4244,937.0,16.8141,0.01,1000.0,2026-11-02,8
RU000A103UR0,СберИОС478,AAA,0.397,936.0,18.2818,0.01,1000.0,2026-10-23,8
RU000A103VD8,МСБЛиз2P05,BBB-,0.3012,110.8238,18.4078,12.25,111.04,2026-09-18,8
RU000A103VP2,СберИОС479,AAA,0.4271,944.0,14.6696,0.01,1000.0,2026-11-03,8
RU000A103WB0,СлавЭКО1Р1,BBB-,0.3696,979.07,22.8673,11.0,1000.0,2026-10-13,8
RU000A103X90,СберИОС481,AAA,0.4846,923.0,18.1999,0.01,1000.0,2026-11-24,8
RU000A103XS2,ВТБ Б1-254,AAA,2.0397,835.85,14.057,0.01,1000.0,2028-06-14,8
RU000A103XW4,ВТБ Б1-258,AAA,0.6571,910.5,14.5477,0.01,1000.0,2027-01-26,8
RU000A103Y16,СберИОС482,AAA,0.4819,929.0,16.7247,0.01,1000.0,2026-11-23,8
RU000A103Y57,СберИОС485,AAA,0.4545,949.9,12.0664,0.01,1000.0,2026-11-13,8
RU000A103YG5,ИАДОМ 1P11,AAA,5.41,392.4447,13.4784,6.8,467.91,2031-10-28,8
RU000A103YK7,ИАДОМ 1P12,AAA,5.243,326.3101,13.6988,5.5,406.18,2031-08-28,8
RU000A103ZJ6,СберИОС486,AAA,2.5024,738.0,12.9458,0.01,1000.0,2028-11-30,8
RU000A104081,ВТБ Б1-269,AAA,0.7146,902.8,15.4464,0.01,1000.0,2027-02-16,8
RU000A1040S8,Ульоб34004,BBB,0.4463,300.65,14.6978,9.55,300.0,2026-11-10,8
RU000A1040T6,СберИОС488,AAA,0.5202,927.1,15.8524,0.01,1000.0,2026-12-07,8
RU000A1041B2,Сегежа2P1R,BB-,10.4148,941.6,25.7855,9.85,1000.0,2036-10-29,8
RU000A1041N7,СберИОС491,AAA,0.4928,915.0,18.0076,0.01,1000.0,2026-11-27,8
RU000A1041Q0,ИАДОМ 1P13,AAA,5.41,468.0083,16.9415,15.15,475.24,2031-10-28,8
RU000A1042W6,ВЭБP-31,AAA,2.3847,1014.08,0.0883,0.0,1000.0,2028-10-18,8
RU000A104362,ВСК 1P-02R,AA-,0.4654,983.26,14.7408,9.55,1000.0,2026-11-17,8
RU000A1043E2,Новосиб 22,AA-,2.4586,763.07,13.8433,9.03,800.0,2028-11-14,8
RU000A1043H5,СберИОС492,AAA,0.4928,927.0,16.7391,0.01,1000.0,2026-11-27,8
RU000A1043K9,НижгорОб16,A,0.9856,679.24,14.583,9.25,700.0,2027-05-26,8
RU000A1043P8,ВТБ Б1-274,AAA,1.7714,797.02,14.2155,0.01,1000.0,2028-03-08,8
RU000A1043Z7,БинФарм1P1,A,10.4339,998.84,16.2474,15.0,1000.0,2036-11-05,8
RU000A1044V4,СберИОС498,AAA,2.5791,729.0,13.0743,0.01,1000.0,2028-12-28,8
RU000A1044X0,СберИОС496,AAA,0.5311,922.0,16.6226,0.01,1000.0,2026-12-11,8
RU000A1044Y8,СберИОС495,AAA,0.5311,920.0,17.0544,0.01,1000.0,2026-12-11,8
RU000A104511,ИАДОМ 1P14,AAA,5.4949,360.9197,14.0926,0.0,432.55,2031-11-28,8
RU000A1045F4,СберИОС493,AAA,0.5585,916.0,17.1935,0.01,1000.0,2026-12-21,8
RU000A104693,Систем1P23,AA-,5.4757,1009.92,16.8956,17.5,1000.0,2031-11-21,8
RU000A1047L8,СберИОС503,AAA,0.6188,912.0,16.2116,0.01,1000.0,2027-01-12,8
RU000A1047M6,СберИОС502,AAA,0.5695,916.0,16.7524,0.01,1000.0,2026-12-25,8
RU000A104A05,Интерскол1,BB+,0.5284,1018.33,16.887,13.5,1000.0,2026-12-10,8
RU000A104A39,sКапиталР1,AA-,0.5311,1026.2,15.2241,10.25,1000.0,2026-12-11,8
RU000A104AF5,СберИОС506,AAA,0.627,909.0,16.5209,0.01,1000.0,2027-01-15,8
RU000A104AH1,СберИОС510,AAA,0.6461,923.0,13.2703,0.01,1000.0,2027-01-22,8
RU000A104AM1,ИАДОМ 1P17,AAA,5.4949,383.8509,13.2998,6.8,457.27,2031-11-28,8
RU000A104B46,ГПБ001P21P,AA+,5.5743,1129.3,13.8533,16.25,1000.0,2031-12-27,8
RU000A104B79,ИАДОМ 1P16,AAA,5.4949,426.1342,9.8979,7.65,450.82,2031-11-28,8
RU000A104BC0,КалинОбл21,A+,2.5407,720.915,14.7449,9.5,750.0,2028-12-14,8
RU000A104CF1,СолЛиз01,B+,0.5613,264.495,13.0078,26.0,250.0,2026-12-22,8
RU000A104CS4,СберИОС513,AAA,2.6749,718.0,13.2191,0.01,1000.0,2029-02-01,8
RU000A104DE2,ВТБ Б1-295,AAA,0.5695,962.0,7.089,0.01,1000.0,2026-12-25,8
RU000A104DK9,ВТБ Б1-299,AAA,0.7201,949.9,9.3257,0.01,1000.0,2027-02-18,8
RU000A104DL7,ВТБ Б1-300,AAA,0.7365,870.6,20.7885,0.01,1000.0,2027-02-24,8
RU000A104DN3,ВТБ Б1-302,AAA,0.7721,910.0,13.0474,0.01,1000.0,2027-03-09,8
RU000A104DZ7,СНХТ БО-02,B,0.553,890.25,91.1977,21.0,1000.0,2026-12-19,8
RU000A104EP6,НЗРМ БО-01,BBB,0.5613,383.89,29.4141,15.75,400.0,2026-12-22,8
RU000A104FG2,Сегежа2P3R,BB-,10.6064,1011.4,27.7444,23.5,1000.0,2037-01-07,8
RU000A104H08,СберИОС522,AAA,1.2129,864.0,12.8771,0.01,1000.0,2027-08-17,8
RU000A104JQ3,СамолетP11,A-,1.692,1038.88,34.8587,26.0,1000.0,2028-02-08,8
RU000A104JY7,СберИОС524,AAA,1.0486,981.1,1.6714,0.01,1000.0,2027-06-18,8
RU000A104KK4,СберИОС525,AAA,1.065,865.0,14.6712,0.01,1000.0,2027-06-24,8
RU000A104KL2,СберИОС526,AAA,1.0842,866.0,14.2713,0.01,1000.0,2027-07-01,8
RU000A104KY5,СберИОС529,AAA,1.0075,1000.0,0.0199,0.01,1000.0,2027-06-03,8
RU000A104SX0,РЖД 1Р-24R,AAA,0.9144,998.01,13.7205,11.87,1000.0,2027-04-30,8
RU000A104TQ2,ЕАБР 1P-08,AAA,2.4942,899.99,38.3085,11.5,1000.0,2028-11-27,8
RU000A104UA4,Сегежа2P4R,BB-,10.9459,909.26,21.3204,9.85,1000.0,2037-05-11,8
RU000A104UV0,ИАДОМ 1P18,AAA,5.9932,570.1126,16.7258,14.9,588.51,2032-05-28,8
RU000A104V00,ПионЛизБР5,B,5.8754,766.71,36.9266,23.29,1000.0,2032-04-15,8
RU000A104V75,ПочтаР2P01,AA,5.9877,1011.03,16.8442,11.4,1000.0,2032-05-26,8
RU000A104W17,ПочтаР2P02,AA,6.0233,1043.42,12.7954,10.15,1000.0,2032-06-08,8
RU000A104W33,ПочтаР2P03,AA,6.0233,942.42,17.1363,10.15,1000.0,2032-06-08,8
RU000A104WF9,Славнеф2Р4,AA,6.0315,1101.29,14.027,18.0,1000.0,2032-06-11,8
RU000A104WJ1,МТС 1P-21,AAA,0.0602,1016.17,13.1437,9.65,1000.0,2026-06-22,8
RU000A104WZ7,ЭлАп БО-01,BB-,0.0684,1044.88,30.7036,25.0,1000.0,2026-06-25,8
RU000A104X32,sИАДОМ1P19,AAA,6.078,564.9378,18.0432,15.15,590.27,2032-06-28,8
RU000A104XE0,ЛТрейд 1P4,BBB-,1.024,934.4,26.0804,15.0,1000.0,2027-06-09,8
RU000A104XJ9,МГКЛ 1P1,BB-,0.5804,1044.82,25.8734,24.0,1000.0,2026-12-29,8
RU000A104XR2,Автодор3Р2,AA,1.0842,1002.7,14.7851,10.65,1000.0,2027-07-01,8
RU000A104Y15,НоваБевБП5,AA,1.0979,1021.1,14.6899,10.85,1000.0,2027-07-06,8
RU000A104Y31,СберИОС408,AAA,1.1773,851.0,14.763,0.01,1000.0,2027-08-04,8
RU000A104Z48,sВЭБ2P-33,AAA,1.1225,1002.46,14.1634,10.2,1000.0,2027-07-15,8
RU000A104Z71,БинФарм1P2,A,11.0883,1012.42,16.1176,15.0,1000.0,2037-07-02,8
RU000A104ZU1,Шевченк1Р4,BB+,0.1451,242.7,17.1006,0.01,250.0,2026-07-23,8
RU000A105054,ММЦБ П01-2,BBB-,0.6571,1019.53,20.0802,14.0,1000.0,2027-01-26,8
RU000A105344,ИАДОМ 1P20,AAA,6.078,446.2201,13.9799,0.0,520.92,2032-06-28,8
RU000A1053H4,ЛТрейд 1P5,BBB-,1.1417,918.85,26.1061,15.0,1000.0,2027-07-22,8
RU000A1053P7,Сегежа2P5R,BB-,11.165,1053.14,28.1224,25.0,1000.0,2037-07-30,8
RU000A105492,ЭНИКА 1Р03,BBB,1.2129,453.64,32.4252,13.0,500.0,2027-08-17,8
RU000A105559,ФСК РС1Р6,AAA,6.2177,989.63,13.7232,8.7,1000.0,2032-08-18,8
RU000A1055Y4,ПочтаР2P04,AA,6.2368,933.51,17.879,9.25,1000.0,2032-08-25,8
RU000A1056S4,ФСК РС Б5,AAA,31.1951,995.13,14.7132,8.5,1000.0,2057-08-10,8
RU000A1056T2,ЦР БО-02,C,0.2355,447.685,25.7899,18.0,450.0,2026-08-25,8
RU000A1057P8,РусГидрБП6,AAA,0.293,1006.23,12.6647,8.5,1000.0,2026-09-15,8
RU000A105898,ИАДОМ 1P21,AAA,6.1602,528.3501,13.7147,8.2,608.72,2032-07-28,8
RU000A1058R2,ИАДОМ 1P22,AAA,6.3299,653.7918,16.153,15.1,651.79,2032-09-28,8
RU000A105AV9,ИАДОМ 1P23,AAA,6.3299,537.3723,13.8283,8.0,633.5,2032-09-28,8
RU000A105B11,ОФЗ 29021,AAA,4.4928,1017.03,16.2003,14.64,1000.0,2030-11-27,0
RU000A105CM4,Новотр 1Р3,AA-,1.4045,736.81,16.6076,11.7,750.0,2027-10-26,8
RU000A105DL4,НовТехнБ1,A-,1.4237,1014.32,18.1104,17.5,1000.0,2027-11-02,8
RU000A105DN0,ФСК РС БО6,AAA,31.321,951.24,10.3169,9.7,1000.0,2057-09-25,8
RU000A105DS9,АПРИ 2Р1,BBB-,0.4271,1011.21,29.1088,24.0,1000.0,2026-11-03,8
RU000A105FZ9,ОФЗ 26241,AAA,6.4668,818.17,14.3602,9.5,1000.0,2032-11-17,0
RU000A105G16,ОФЗ 29022,AAA,7.1376,984.48,16.7987,0.0,1000.0,2033-07-20,0
RU000A105GW4,ГПБ001P22P,AA+,6.486,1064.12,14.3087,17.5,1000.0,2032-11-24,8
RU000A105H23,ИАДОМ 1P25,AAA,6.412,434.1408,13.5296,9.35,485.52,2032-10-28,8
RU000A105H98,Эфферон01,BB,1.4675,628.505,28.7694,12.5,750.0,2027-11-18,8
RU000A105HH3,РЕСОЛиз2П2,AA-,6.4613,960.08,1.45,0.0,1000.0,2032-11-15,8
RU000A105JF3,sИАДОМ1P26,AAA,6.4969,674.2593,17.1014,14.97,693.22,2032-11-28,8
RU000A105KB0,ГТЛК 2P-02,AA-,11.4661,972.2,18.3014,11.7,1000.0,2037-11-17,8
RU000A105KR6,ВСК 1P-03R,AA-,1.5003,955.6,15.051,11.25,1000.0,2027-11-30,8
RU000A105KW6,ЕАБР П3-05,AAA,2.5106,1122.25,14.3441,0.0,1000.0,2028-12-03,8
RU000A105L19,ОФЗ 29023,AAA,8.23,1004.12,16.2382,14.64,1000.0,2034-08-23,0
RU000A105L27,Систем1P24,AA-,6.486,1039.68,19.5572,18.0,1000.0,2032-11-24,8
RU000A105LN3,ИАДОМ 1P27,AAA,6.4969,471.3646,13.1315,7.4,560.67,2032-11-28,8
RU000A105LS2,Реиннол1P2,BB-,0.5229,407.97,24.6634,18.0,400.0,2026-12-08,8
RU000A105M91,СТМ 1P3,A,1.5277,1068.55,17.2733,18.5,1000.0,2027-12-10,8
RU000A105NB4,ТГК-1БО1P1,AA+,1.5441,1074.72,13.6236,15.0,1000.0,2027-12-16,8
RU000A105ND0,КалинОбл22,A+,3.5373,998.36,12.1241,10.3,1000.0,2029-12-13,8
RU000A105NK5,МОЭК БО1P5,AAA,2.5407,1095.22,9.7651,15.0,1000.0,2028-12-14,8
RU000A105NN9,ИАДОМ 1P29,AAA,6.4969,596.1781,16.9809,16.2,587.65,2032-11-28,8
RU000A105NP4,ИАДОМ 1P30,AAA,6.412,514.2357,13.6946,9.46,572.09,2032-10-28,8
RU000A105NT6,МгдОбл2022,BBB+,1.5469,693.99,14.8605,10.61,700.0,2027-12-17,8
RU000A105NY6,ИАДОМ 1P31,AAA,6.3299,439.4671,16.2704,0.0,525.93,2032-09-28,8
RU000A105NZ3,ИАДОМ 1P32,AAA,6.4969,661.695,17.102,15.2,675.0,2032-11-28,8
RU000A105P72,ИАДОМ 1P28,AAA,6.3299,481.0106,13.1917,7.75,555.88,2032-09-28,8
RU000A105PH6,Россети1Р7,AAA,11.5236,1034.31,8.5328,12.0,1000.0,2037-12-08,8
RU000A105PJ2,МГКЛ 1P2,BB-,1.0595,961.24,26.5136,16.5,1000.0,2027-06-22,8
RU000A105RF6,ЛТрейд 1P6,BBB-,1.5661,779.1659,26.1673,14.5,833.6,2027-12-24,8
RU000A105RV3,ОФЗ 26242,AAA,3.2471,917.2,13.5292,9.0,1000.0,2029-08-29,0
RU000A105SK4,Роделен1P4,BBB,1.5989,663.8418,24.4168,20.0,667.0,2028-01-05,8
RU000A105SP3,Сегежа3P2R,BB-,11.6277,1022.42,26.6363,25.0,1000.0,2038-01-15,8
RU000A105TP1,Магнит4P03,AA+,1.6783,1008.62,16.9594,15.75,1000.0,2028-02-03,8
RU000A105TY3,ВымпелК1Р6,AA,1.7084,953.74,14.4658,10.55,1000.0,2028-02-14,8
RU000A105UC7,Титан-5 А,AAA,24.0712,356.1876,17.0595,10.65,390.45,2050-06-26,8
RU000A105VC5,Полюс Б1P3,AAA,1.7002,990.66,13.2835,10.4,1000.0,2028-02-11,8
RU000A105VQ5,Россети1Р8,AAA,11.6769,1007.46,16.5737,15.8,1000.0,2038-02-02,8
RU000A105VU7,ЭталонФин1,BBB+,11.6797,1005.28,22.6644,21.0,1000.0,2038-02-03,8
RU000A105W08,МЕТАЛИН1P4,AA,0.7173,1042.28,20.2402,0.0,1000.0,2027-02-17,8
RU000A105W81,ВымпелК1Р5,AA,0.7118,977.24,13.9976,9.35,1000.0,2027-02-15,8
RU000A105WK6,ВымпелК1Р4,AA,1.8782,936.07,14.0724,8.85,1000.0,2028-04-16,8
RU000A105WP5,ВымпелК1Р7,AA,2.705,915.85,14.5346,9.85,1000.0,2029-02-12,8
RU000A105WZ4,ЛТрейд 1P7,BBB-,1.6947,819.9438,25.6554,14.5,875.2,2028-02-09,8
RU000A105X80,ВымпелК1Р8,AA,2.7734,883.83,14.2517,8.02,1000.0,2029-03-09,8
RU000A105XE7,ВымпелК1Р2,AA,2.2916,936.01,14.2234,9.3,1000.0,2028-09-14,8
RU000A105XG2,ДОМСУБТ2-1,AAA,7.2389,9013424.66,16.7376,13.0,10000000.0,2033-08-26,8
RU000A105XV1,ОФЗ 52005,AAA,6.9459,979.4165,6.9342,2.5,1277.04,2033-05-11,0
RU000A105YB1,Медси 1P02,AA-,11.7399,1014.41,15.6203,13.0,1000.0,2038-02-25,8
RU000A105YH8,ВЭБP-36,AAA,4.3012,1010.71,0.472,0.0,1000.0,2030-09-18,8
RU000A105YK2,ВымпелК1Р3,AA,0.8816,958.0,14.2429,7.3,1000.0,2027-04-18,8
RU000A106037,РусГидБП10,AAA,1.8042,1028.58,18.539,16.8,1000.0,2028-03-20,8
RU000A106169,РЭО-02,A+,5.5551,732.3762,20.1493,18.85,707.69,2031-12-20,8
RU000A1061K1,ЕвроТранс3,C,0.7858,770.29,133.236,13.6,1000.0,2027-03-14,8
RU000A1062J1,РКСЭталон2,AAA,4.8405,142.6646,14.3855,11.0,141.81,2031-04-03,8
RU000A1062M5,SELGOLD001,A+,1.8344,9926.4072,7.7083,5.5,10156.1,2028-03-31,8
RU000A106375,ГазпромК07,AAA,1.848,1011.87,0.6799,0.0,1000.0,2028-04-05,8
RU000A1064G3,ГПБ001P26P,AA+,6.883,994.23,14.9613,10.0,1000.0,2033-04-18,8
RU000A1064L3,ЕАБР П3-07,AAA,1.8891,1017.84,0.0,0.0,1000.0,2028-04-20,8
RU000A106565,Газпнф3P6R,AAA,1.8727,1021.04,17.3108,16.3,1000.0,2028-04-14,8
RU000A1065R7,ИАДОМ 1P33,AAA,6.8255,541.7595,12.5449,8.6,606.15,2033-03-28,8
RU000A1065Y3,АГТК БО-02,BB,1.1417,944.74,25.8997,15.0,1000.0,2027-07-22,8
RU000A106607,Ульоб34005,BBB,1.9055,478.41,15.4582,10.6,500.0,2028-04-26,8
RU000A106631,АПРИ 2Р2,BBB-,0.8925,1001.6,32.9341,24.0,1000.0,2027-04-22,8
RU000A106672,ГазпромКP5,AAA,1.8891,979.94,13.9063,9.8,1000.0,2028-04-20,8
RU000A1066D5,ОФЗ 29024,AAA,8.8816,972.86,16.9731,0.0,1000.0,2035-04-18,0
RU000A1068S9,ЛайфСтр П2,BBB+,1.9466,970.03,17.095,13.5,1000.0,2028-05-11,8
RU000A106987,ЛТрейд 1P8,BBB-,1.9055,937.33,25.6939,14.5,1000.0,2028-04-26,8
RU000A1069H0,ВТБ С1-518,AAA,0.2382,370.28,5962.7801,0.01,1000.0,2026-08-26,8
RU000A1069N8,НорНик БО9,AAA,1.963,1003.32,0.0919,0.0,1000.0,2028-05-17,8
RU000A106AB9,СберИОС566,AAA,0.0602,980.0,42.8116,0.01,1000.0,2026-06-22,8
RU000A106AP9,СберИОС567,AAA,2.0616,856.1,7.8507,0.01,1000.0,2028-06-22,8
RU000A106AT1,ГазпромКP6,AAA,1.9795,946.52,14.1893,10.0,1000.0,2028-05-23,8
RU000A106AU9,УльтраБО1,CCC,0.9391,512.15,26.102,20.0,520.0,2027-05-09,8
RU000A106B51,БДеньг-2P2,BB,0.449,791.59,24.9367,16.0,800.0,2026-11-11,8
RU000A106C92,Автодор4Р4,AA,1.9986,999.5,5.3668,10.17,1000.0,2028-05-30,8
RU000A106CL4,iУОМЗ Б-5,A-,6.987,1086.61,0.0066,0.0,1000.0,2033-05-26,8
RU000A106CM2,СмартФ1Р01,BBB-,0.011,1036.2,47.2473,15.75,1000.0,2026-06-04,8
RU000A106CR1,РедСофт2P4,BBB+,0.0137,1033.05,16.4936,14.0,1000.0,2026-06-05,8
RU000A106CU5,ТрансмхПБ7,AA-,0.0137,1063.62,9.2658,10.2,1000.0,2026-06-05,8
RU000A106D59,МБЭС 2P-01,AAA,7.0062,1022.65,10.4989,10.75,1000.0,2033-06-02,8
RU000A106DP3,РЕСОЛиБП22,AA-,7.0089,1042.66,18.7352,10.9,1000.0,2033-06-03,8
RU000A106DV1,РКС2Р3,BBB,0.0411,1027.99,28.2202,15.25,1000.0,2026-06-15,8
RU000A106E90,ОФЗ 26243,AAA,11.9671,793.85,14.8048,9.8,1000.0,2038-05-19,0
RU000A106EM8,БалтЛизБП8,AA-,7.0007,1015.27,23.9206,21.85,1000.0,2033-05-31,8
RU000A106EP1,ПР-Лиз 2P2,BBB+,5.9329,1005.96,19.6434,12.5,1000.0,2032-05-06,8
RU000A106EV9,КИФА 1P1,BB+,0.0602,509.7,35.7462,14.5,500.0,2026-06-22,8
RU000A106EZ0,ВИС Ф БП04,A+,0.2355,997.29,17.1549,12.9,1000.0,2026-08-25,8
RU000A106F08,МИКРАН БО1,BBB+,0.063,1019.57,18.9515,12.5,1000.0,2026-06-23,8
RU000A106FM5,ИАДОМ 1P34,AAA,7.0773,743.6732,17.0732,15.4,753.69,2033-06-28,8
RU000A106FN3,СПМК БО-02,B+,1.0212,991.77,22.6428,14.4,1000.0,2027-06-08,8
RU000A106FR4,Автодор5Р1,AA,0.0684,833.45,13.7805,10.31,800.0,2026-06-25,8
RU000A106FT0,Башкорт23,AA+,0.0821,607.58,12.6421,9.35,600.0,2026-06-30,8
RU000A106FV6,РСХБ2Р12,AA,0.0712,1039.87,15.0166,9.95,1000.0,2026-06-26,8
RU000A106FW4,МГКЛ 1P3,BB-,1.0678,953.17,26.5844,16.0,1000.0,2027-06-25,8
RU000A106GB6,ЛТрейд 1P9,BBB-,2.0205,919.37,26.1535,14.0,1000.0,2028-06-07,8
RU000A106GC4,АРЕНЗА1Р02,BBB+,0.0493,300.84,19.0284,13.0,300.0,2026-06-18,8
RU000A106GY8,ДрктЛиз2Р1,BB,1.0842,300.4038,29.0064,14.0,312.5,2027-07-01,8
RU000A106HB4,iВУШ 1P2,BBB+,0.0876,1009.42,25.2833,11.8,1000.0,2026-07-02,8
RU000A106HE8,ИАДОМ 1P36,AAA,7.0773,519.9259,14.1555,0.0,585.7,2033-06-28,8
RU000A106J04,УрожайБО03,CCC,0.1013,999.65,42.3299,16.0,1000.0,2026-07-07,8
RU000A106J38,ТрансФ1P09,A,2.0972,1072.9,17.4792,18.5,1000.0,2028-07-05,8
RU000A106J61,ПрактЛК1Р1,A,0.1013,177.7575,12.6018,11.0,175.0,2026-07-07,8
RU000A106JL9,СберСIB544,AAA,4.1807,536.5,16.0741,0.01,1000.0,2030-08-05,8
RU000A106JP0,СберСIB546,AAA,2.2094,800.1,7.7668,0.01,1000.0,2028-08-15,8
RU000A106JQ8,СберСIB547,AAA,4.219,699.9,8.8378,0.01,1000.0,2030-08-19,8
RU000A106JS4,СберСIB549,AAA,4.2026,554.0,15.1015,0.01,1000.0,2030-08-13,8
RU000A106JT2,СберСIB550,AAA,2.256,853.1,7.3203,0.01,1000.0,2028-09-01,8
RU000A106JX4,ЕАБР П3-08,AAA,2.1027,1061.43,0.2488,0.0,1000.0,2028-07-07,8
RU000A106JZ9,БСК 1Р-03,BBB+,0.1095,252.6,17.0481,10.6,250.0,2026-07-10,8
RU000A106K27,Медси 1P03,AA-,12.0767,1029.4,15.016,16.5,1000.0,2038-06-28,8
RU000A106K35,АВТОБФ БП4,A+,2.1328,1040.86,10.8032,15.0,1000.0,2028-07-18,8
RU000A106K43,РЖД 1Р-26R,AAA,2.1355,1003.64,17.6762,15.96,1000.0,2028-07-19,8
RU000A106KT0,МигКр 02,BB-,0.0903,80.884,21.3377,14.75,80.0,2026-07-03,8
RU000A106L18,СберИОС577,AAA,2.2259,798.8,10.5037,0.01,1000.0,2028-08-21,8
RU000A106L67,Кириллица2,BBB-,0.104,988.55,47.8927,16.5,1000.0,2026-07-08,8
RU000A106LL5,ВЭБP-37,AAA,6.2368,1024.95,0.2425,0.0,1000.0,2032-08-25,8
RU000A106M09,СберИОС579,AAA,2.2341,797.1,10.7088,0.01,1000.0,2028-08-24,8
RU000A106M41,ВТБ Б1-329,AAA,0.1451,1012.41,8.3506,9.5,1000.0,2026-07-23,8
RU000A106MQ2,ВТБ Б1-330,AAA,0.1561,977.91,15.6877,0.01,1000.0,2026-07-27,8
RU000A106MV2,МГКЛ 1P4,BB-,1.6537,897.64,27.3746,16.0,1000.0,2028-01-25,8
RU000A106MW0,ТГК-14 1Р2,BBB,1.1554,951.52,20.1926,12.85,1000.0,2027-07-27,8
RU000A106NT4,ПИМ БО-02,BBB-,0.1643,251.555,19.5206,14.5,250.0,2026-07-30,8
RU000A106P06,ВСК 1P-04R,AA-,2.1602,996.34,14.9219,12.0,1000.0,2028-07-28,8
RU000A106P63,ФЭСАгро1Р1,BBB-,0.1834,499.84,19.2459,14.0,500.0,2026-08-06,8
RU000A106P97,sСОПФДОМ6,AAA,1.2375,999.52,0.3006,0.0,1000.0,2027-08-26,8
RU000A106PW3,НовТехнБ2,A-,2.1903,1023.22,21.8965,12.65,1000.0,2028-08-08,8
RU000A106PY9,Неолизинг1,BBB,0.1478,438.56,24.2888,17.0,440.0,2026-07-24,8
RU000A106Q47,Фордевинд3,BB+,0.6434,980.37,23.3836,16.0,1000.0,2027-01-21,8
RU000A106QL4,СберИОС580,AAA,2.2861,776.0,11.7538,0.01,1000.0,2028-09-12,8
RU000A106R12,ЭконЛиз1Р5,BBB-,0.1999,996.39,23.5083,15.5,1000.0,2026-08-12,8
RU000A106R53,Автодор5Р3,AA,0.1999,1002.17,14.5833,12.17,1000.0,2026-08-12,8
RU000A106R79,ЭНИКА 1Р04,BBB,2.1958,512.6,33.8996,16.0,600.0,2028-08-10,8
RU000A106R95,iСелкт1Р3R,A+,0.2053,1038.02,13.8466,13.3,1000.0,2026-08-14,8
RU000A106RB3,АСВ 1Р01,BB+,0.2053,993.68,26.97,17.0,1000.0,2026-08-14,8
RU000A106RJ6,Озон 1Р02,BBB,0.2136,1005.04,13.6634,13.0,1000.0,2026-08-17,8
RU000A106RY5,СберИОС581,AAA,0.3176,944.9,19.2246,0.01,1000.0,2026-09-24,8
RU000A106SD7,СберИОС582,AAA,2.3135,789.7,10.6863,0.01,1000.0,2028-09-22,8
RU000A106SE5,Фордевинд4,BB+,0.6927,992.55,22.4005,17.0,1000.0,2027-02-08,8
RU000A106SF2,ИнтЛиз1Р06,A,0.2327,174.5925,16.5949,13.5,175.0,2026-08-24,8
RU000A106SL0,ИСТРСЫР 02,BBB,0.2026,250.99,16.5481,14.5,250.0,2026-08-13,8
RU000A106SP1,Новотр 1Р4,AA-,0.2355,497.57,16.7583,12.25,500.0,2026-08-25,8
RU000A106SV9,СберCIB621,AAA,0.3149,150.0,43388.108,0.01,1000.0,2026-09-23,8
RU000A106T85,CTRLлиз1Р1,BB-,2.1793,489.9626,62.7994,16.25,675.7,2028-08-04,8
RU000A106TM6,ВТБ Б1-343,AAA,0.2546,997.0,16.6281,14.5,1000.0,2026-09-01,8
RU000A106TR5,ВымпелК3Р3,AA,2.705,941.25,13.1164,9.85,1000.0,2029-02-12,8
RU000A106TV7,ВымпелК3Р4,AA,2.7734,915.33,12.6664,8.02,1000.0,2029-03-09,8
RU000A106U90,Пркт1111Р1,BBB,0.2601,1016.46,23.6259,14.5,1000.0,2026-09-03,8
RU000A106UA9,СМАК БП02,B+,1.2129,833.13,25.7769,15.0,900.0,2027-08-17,8
RU000A106UB7,Кириллица3,BBB-,0.2272,960.07,41.5569,16.5,1000.0,2026-08-22,8
RU000A106UK8,МигКр 03,BB-,0.2272,121.93,8.7236,22.5,120.0,2026-08-22,8
RU000A106UL6,ЭлАп БО-02,BB-,1.2594,963.18,24.6259,16.0,1000.0,2027-09-03,8
RU000A106UW3,iКарРус1P3,BBB+,1.2156,889.6,27.4843,13.7,1000.0,2027-08-18,8
RU000A106VN0,ТРДБ Б0-01,BBB,0.2409,971.87,39.1141,18.0,1000.0,2026-08-27,8
RU000A106VV3,РЖД 1Р-27R,AAA,1.2758,1002.12,16.5417,15.95,1000.0,2027-09-09,8
RU000A106W49,СолЛиз БО1,B+,0.7803,970.57,32.2579,19.5,1000.0,2027-03-12,8
RU000A106WW9,ВЭБP-38,AAA,3.1321,1006.4,0.277,0.0,1000.0,2029-07-18,8
RU000A106WZ2,АПРИ 2Р3,BBB-,1.2895,1033.73,29.6501,24.0,1000.0,2027-09-14,8
RU000A106XD7,SELGOLD002,A+,3.5948,9900.0119,6.8709,5.5,10156.1,2030-01-03,8
RU000A106XJ4,АЛЬЯНС 1P2,BBB-,0.2984,1001.24,24.4621,13.5,1000.0,2026-09-17,8
RU000A106XR7,СберИОС588,AAA,2.4093,822.2,8.4947,0.01,1000.0,2028-10-27,8
RU000A106XT3,АйДиКоле04,BBB-,0.2765,999.99,21.8565,16.5,1000.0,2026-09-09,8
RU000A106Y70,АЛЬФАДОН01,B+,1.3087,445.7,160.8423,18.0,700.0,2027-09-21,8
RU000A106Y88,ВЭББНКР 04,BB,0.7721,820.0817,23.096,15.0,833.4,2027-03-09,8
RU000A106YD5,PLAZA BO01,BB,0.3149,967.92,51.4897,17.15,1000.0,2026-09-23,8
RU000A106YE3,МгдОбл2023,BBB+,2.308,1018.69,15.0486,13.75,1000.0,2028-09-20,8
RU000A106YH6,ГПБ003P01P,AA+,7.3265,1003.53,14.9492,12.0,1000.0,2033-09-27,8
RU000A106YL8,АГТК БО-03,BB,1.065,984.64,26.9728,16.5,1000.0,2027-06-24,8
RU000A106YN4,ГрупПро1P3,BB-,0.2847,977.69,30.8482,16.0,1000.0,2026-09-12,8
RU000A106YR5,sИАДОМ1P37,AAA,7.3155,722.8948,6.109,0.0,739.61,2033-09-23,8
RU000A106Z38,Джи-гр 2Р3,BBB+,0.3313,306.05,19.1659,15.4,300.0,2026-09-29,8
RU000A106Z46,Систем1P26,AA-,1.3279,958.64,5.5283,0.0,1000.0,2027-09-28,8
RU000A106Z61,ОФЗ 29025,AAA,11.2005,953.2,16.6486,0.0,1000.0,2037-08-12,0
RU000A106ZL5,РЖД 1Р-28R,AAA,4.3066,986.55,17.2361,15.51,1000.0,2030-09-20,8
RU000A106ZP6,РКСЭталон3,AAA,6.5106,331.8665,15.8959,13.5,330.61,2032-12-03,8
RU000A106ZQ4,ФеррумБП1,BB-,2.2752,977.53,29.4363,22.0,1000.0,2028-09-08,8
RU000A106ZU6,РусГидБП12,AAA,2.3463,1018.81,17.5367,16.2,1000.0,2028-10-04,8
RU000A107050,ГазпКап2P9,AAA,1.8453,1015.64,0.5534,0.0,1000.0,2028-04-04,8
RU000A107076,Роделен2P1,BBB,2.2888,1003.9,23.6296,22.5,1000.0,2028-09-13,8
RU000A107084,ГазКап2P10,AAA,1.8453,1015.04,0.4374,0.0,1000.0,2028-04-04,8
RU000A1070A3,ОхтаГрБП03,BB+,0.3532,994.5,23.1073,14.0,1000.0,2026-10-07,8
RU000A1070G0,БДеньг-2P3,BB,0.8131,965.25,23.4139,15.0,1000.0,2027-03-24,8
RU000A1070L0,ЯТЭК 1P-3,A-,0.3587,1021.79,16.3632,15.35,1000.0,2026-10-09,8
RU000A1070X5,АБЗ-1 1Р05,A-,0.334,337.552,16.6555,12.0,340.0,2026-09-30,8
RU000A1071Q7,MTRCSPR001,A,0.3723,712.79,15.6361,14.5,700.0,2026-10-14,8
RU000A1071U9,ЭлемЛиз1P6,A,0.3395,142.7681,19.0207,15.5,141.3,2026-10-02,8
RU000A1071Z8,АйДиКоле05,BBB-,0.3422,1035.32,14.3412,19.5,1000.0,2026-10-03,8
RU000A107209,СибСтекП04,BB-,1.3279,989.8,26.5468,21.5,1000.0,2027-09-28,8
RU000A107217,АРЕНЗА1Р03,BBB+,2.4778,1027.19,18.1423,20.0,1000.0,2028-11-21,8
RU000A107225,АФАНСБО-01,BBB,0.3751,1014.4,18.0066,16.0,1000.0,2026-10-15,8
RU000A107407,ВТБ С1-800,AAA,0.5503,535.44,285.0766,0.01,1000.0,2026-12-18,8
RU000A107456,МТС-Банк03,A,0.3915,1019.51,18.3606,0.0,1000.0,2026-10-21,8
RU000A107464,СберИОС590,AAA,2.4559,828.1,7.9534,0.01,1000.0,2028-11-13,8
RU000A107480,ЛТрейд1P10,BBB-,2.3244,918.18,26.1131,16.0,1000.0,2028-09-26,8
RU000A1074E7,РУССОЙЛ-01,BB+,0.3888,499.41,32.6381,20.0,500.0,2026-10-20,8
RU000A1074F4,МаниКап1Р1,BB-,0.3559,979.34,27.1189,15.0,1000.0,2026-10-08,8
RU000A1074G2,ОФЗ 26244,AAA,7.7892,884.39,14.6928,11.25,1000.0,2034-03-15,0
RU000A1074N8,ПрактЛК1Р2,A,0.4572,192.062,15.5721,15.7,190.0,2026-11-14,8
RU000A1074S7,СберИОС591,AAA,2.5024,795.0,9.6205,0.01,1000.0,2028-11-30,8
RU000A1075E4,МТС 2P-01,AAA,1.4045,1007.76,0.6402,0.0,1000.0,2027-10-26,8
RU000A1075J3,РЕСОЛиз2П5,AA-,7.3867,993.66,1.7105,0.0,1000.0,2033-10-19,8
RU000A1075R6,РегПрод1Р4,B-,0.3806,991.77,24.4963,19.0,1000.0,2026-10-17,8
RU000A1075S4,ИКС5Фин3P2,AAA,0.3806,1006.56,16.1593,15.6,1000.0,2026-10-17,8
RU000A107605,Газпнф3P7R,AAA,1.4237,1004.69,0.5029,0.0,1000.0,2027-11-02,8
RU000A1076A0,БЭЛТИ БОП6,BB-,2.3682,904.68,25.1623,14.0,1000.0,2028-10-12,8
RU000A107720,МКЛизинг1,BB,0.4463,275.9842,21.4138,17.65,278.5,2026-11-10,8
RU000A107795,ЛаймЗайм04,BB+,0.4162,492.65,21.416,16.0,500.0,2026-10-30,8
RU000A1077V4,РСЭКСМБ2Р4,AA+,7.4278,1010.89,15.9925,16.5,1000.0,2033-11-03,8
RU000A1077X0,ИнтЛиз1Р07,A,0.4189,242.282,17.9615,16.0,240.0,2026-10-31,8
RU000A1078K5,УльтраБО2,CCC,1.4182,943.33,27.5954,18.75,1000.0,2027-10-31,8
RU000A1078S8,МТС 2P-02,AAA,2.4613,989.7,0.6525,0.0,1000.0,2028-11-15,8
RU000A1078X8,ДрктЛиз2Р2,BB,2.4093,443.9309,34.3494,17.5,499.0,2028-10-27,8
RU000A1078Y6,ЭконЛиз1Р6,BBB-,0.4709,979.66,23.4581,16.0,1000.0,2026-11-19,8
RU000A107936,РЖД 1Р-29R,AAA,4.46,1039.78,12.0032,12.55,1000.0,2030-11-15,8
RU000A107985,СберИОС595,AAA,2.5791,848.6,6.5698,0.01,1000.0,2028-12-28,8
RU000A1079G1,МаниКап1Р2,BB-,0.4517,983.79,27.7425,15.0,1000.0,2026-11-12,8
RU000A1079S6,МЕТАЛИН1P6,AA,1.4812,994.61,0.5588,0.0,1000.0,2027-11-23,8
RU000A107A28,sГПБ005P1P,AA+,0.4956,1001.65,13.39,12.75,1000.0,2026-11-28,8
RU000A107A93,СНХТ БО-03,B,2.4285,966.67,53.1949,25.0,1000.0,2028-11-03,8
RU000A107AG6,РоссЦP03,AAA,0.9637,1001.72,16.771,15.4,1000.0,2027-05-18,8
RU000A107AJ0,ИКС5Фин3P3,AAA,7.4798,999.0,4.1585,12.9,1000.0,2033-11-22,8
RU000A107AM4,АЛЬФАБ2Р25,BBB,0.4901,1000.62,13.8458,13.25,1000.0,2026-11-26,8
RU000A107AS1,ГПБ004Р01,AA+,0.5749,995.74,0.0105,0.01,1000.0,2026-12-27,8
RU000A107AU7,sВЭБP-39,AAA,3.9781,981.24,0.5183,0.0,1000.0,2030-05-23,8
RU000A107AW3,Аэрфью2Р02,A,0.4928,502.08,16.0454,16.0,500.0,2026-11-27,8
RU000A107AZ6,Саммит 1P2,BB,0.46,251.4945,18.7257,15.0,251.2,2026-11-15,8
RU000A107B19,Новосиб 23,AA-,4.4791,985.92,14.7161,12.75,1000.0,2030-11-22,8
RU000A107B35,ВТБ Б1-346,AAA,0.5038,999.1,16.1996,14.5,1000.0,2026-12-01,8
RU000A107BH2,ИЛСБО-1-1Р,BB-,0.4709,976.71,29.6996,19.0,1000.0,2026-11-19,8
RU000A107BP5,Сегежа3P3R,BB-,0.2574,1026.78,31.2773,0.0,1000.0,2026-09-02,8
RU000A107C00,ИСТРСЫР 03,BBB,1.462,1015.85,17.889,18.0,1000.0,2027-11-16,8
RU000A107C34,АйДиКоле06,BBB-,0.4764,503.4278,20.5231,18.0,502.0,2026-11-21,8
RU000A107C75,ИнвОбл01,AA,0.3395,999.97,0.0386,0.01,1000.0,2026-10-02,8
RU000A107C91,МСБЛиз3P02,BBB-,0.4791,199.9497,18.7653,16.0,200.08,2026-11-22,8
RU000A107CG2,Россет1Р11,AAA,3.5291,998.18,0.0682,0.0,1000.0,2029-12-10,8
RU000A107D33,ВИС Ф БП05,A+,1.525,1050.13,21.262,20.0,1000.0,2027-12-09,8
RU000A107DB1,СберИОС598,AAA,2.6667,798.3,8.7461,0.01,1000.0,2029-01-29,8
RU000A107DC9,СберИОС599,AAA,2.6201,847.1,6.5114,0.01,1000.0,2029-01-12,8
RU000A107DM8,Росагрл1Р4,AA-,2.5216,1113.78,15.7608,18.5,1000.0,2028-12-07,8
RU000A107DP1,РСетиМР1Р5,AAA,0.4956,1005.63,15.5108,16.15,1000.0,2026-11-28,8
RU000A107DR7,МОСМСП6 02,AAA,7.4059,381.7565,15.4663,15.6,367.5,2033-10-26,8
RU000A107E81,БинФарм1P3,A,0.5394,1014.5,3.8975,0.0,1000.0,2026-12-14,8
RU000A107EA1,ЕАБР П3-09,AAA,2.538,1072.91,0.1822,0.0,1000.0,2028-12-13,8
RU000A107EC7,РСетиЛЭ1P1,AAA,1.4921,1010.88,16.7841,15.65,1000.0,2027-11-27,8
RU000A107EP9,СмартФ1Р02,BBB-,0.5421,1020.08,24.2293,19.0,1000.0,2026-12-15,8
RU000A107EQ7,ИАДОМ 1P42,AAA,7.3292,593.9412,15.3328,0.0,671.12,2033-09-28,8
RU000A107ET1,ГазКап2P11,AAA,1.5387,1027.89,0.2482,0.0,1000.0,2027-12-14,8
RU000A107EW5,Джой 1P1,BB-,0.512,989.64,23.9393,17.0,1000.0,2026-12-04,8
RU000A107F07,Унител БО1,BB-,0.5448,966.03,31.5121,15.0,1000.0,2026-12-16,8
RU000A107F49,ГПБ005P02P,AA+,1.0541,994.36,17.2531,14.5,1000.0,2027-06-20,8
RU000A107FG5,ТрансМ БО2,B+,1.5003,1114.93,23.4137,30.0,1000.0,2027-11-30,8
RU000A107FN1,ТЕХЛиз 1P6,BB+,2.486,888.68,26.8017,17.0,1000.0,2028-11-24,8
RU000A107FZ5,АПРИ 2Р4,BBB-,1.5469,1019.96,29.6489,24.0,1000.0,2027-12-17,8
RU000A107G22,КОРПСАН 01,B,0.5503,875.31,56.9262,15.0,1000.0,2026-12-18,8
RU000A107G55,ИАДОМ 1P39,AAA,7.4962,734.4667,17.1972,16.36,724.3,2033-11-28,8
RU000A107G63,ДжетЛ БО-1,BB+,0.5175,1022.83,21.0418,21.0,1000.0,2026-12-06,8
RU000A107GC2,ДОМ 2P3,AAA,1.5469,1027.85,0.2534,0.0,1000.0,2027-12-17,8
RU000A107GG3,ГПБ004Р02,AA+,0.668,939.83,9.7859,0.01,1000.0,2027-01-30,8
RU000A107GJ7,ВсИнстр1Р1,A,0.5257,1008.62,18.3748,0.0,1000.0,2026-12-09,8
RU000A107GL3,ИАДОМ 1P40,AAA,7.4962,604.4952,12.9921,9.0,663.89,2033-11-28,8
RU000A107GM1,ИАДОМ 1P41,AAA,7.3292,601.7758,13.2096,7.8,701.94,2033-09-28,8
RU000A107GT6,СЕЛЛСерв1,BB,1.514,1013.49,25.6402,24.0,1000.0,2027-12-05,8
RU000A107GU4,БДеньг-2P4,BB,1.0212,1029.01,22.658,22.5,1000.0,2027-06-08,8
RU000A107GV2,СКЛиз1Р01,AA-,0.5613,261.2935,13.0925,16.75,250.3,2026-12-22,8
RU000A107GX8,Систем1P27,AA-,1.5578,955.84,5.1428,0.0,1000.0,2027-12-21,8
RU000A107HG1,Газпнф3P8R,AAA,0.5339,1008.76,17.2119,0.0,1000.0,2026-12-12,8
RU000A107HH9,Газпнф3P9R,AAA,1.5633,1028.1,0.0384,0.0,1000.0,2027-12-23,8
RU000A107HR8,АФБАНК1Р11,AA,0.5667,1037.73,18.2879,18.0,1000.0,2026-12-24,8
RU000A107J45,СберИОС601,AAA,2.7242,747.5,11.2666,0.01,1000.0,2029-02-19,8
RU000A107KR2,МигКр 04,BB-,0.5859,329.448,17.3382,21.0,320.0,2026-12-31,8
RU000A107M32,АквилонЛP3,BBB-,0.6379,288.164,18.7663,17.7,280.0,2027-01-19,8
RU000A107NJ3,ЛТрейд1P11,BBB-,2.5845,903.19,25.7489,16.0,1000.0,2028-12-30,8
RU000A107P47,ЦР БО-03,C,1.5989,594.955,50.8675,19.0,750.0,2028-01-05,8
RU000A107P62,СибКХП 1P2,BB,1.6509,895.98,26.4931,16.0,1000.0,2028-01-24,8
RU000A107P88,СберИОС602,AAA,2.7461,920.0,3.0973,0.01,1000.0,2029-02-27,8
RU000A107PU5,РЖД 1Р-30R,AAA,4.679,1054.55,11.685,12.4,1000.0,2031-02-03,8
RU000A107PW1,БДеньг-2P5,BB,1.1198,1016.24,23.0346,22.0,1000.0,2027-07-14,8
RU000A107Q04,СберИОС604,AAA,2.7324,769.1,10.107,0.01,1000.0,2029-02-22,8
RU000A107Q12,ИнвОбл02,AA,2.7734,749.72,10.9616,0.01,1000.0,2029-03-09,8
RU000A107Q95,ГПБ004Р03,AA+,0.7474,890.03,16.9372,0.01,1000.0,2027-02-28,8
RU000A107QM0,АЛЬЯНС 1P4,BBB-,0.6407,954.13,28.2933,17.0,1000.0,2027-01-20,8
RU000A107R29,ЕАС 1P1,BB,2.6694,1004.19,20.369,18.5,1000.0,2029-01-30,8
RU000A107RW7,СберИОС603,AAA,2.7817,715.8,12.6118,0.01,1000.0,2029-03-12,8
RU000A107RZ0,СамолетP13,A-,0.6516,963.6,31.6348,21.0,1000.0,2027-01-24,8
RU000A107S10,РСХБ2Р3,AA,0.6653,1006.09,16.0021,15.58,1000.0,2027-01-29,8
RU000A107S77,СберИОС608,AAA,0.742,915.0,12.7747,0.01,1000.0,2027-02-26,8
RU000A107S85,Саммит 1P3,BB,0.6626,376.3008,21.2379,20.0,376.0,2027-01-28,8
RU000A107SA1,Роделен2P2,BBB,1.6482,923.4,28.5045,16.0,1000.0,2028-01-23,8
RU000A107SG8,СИМПЛСК1Р1,BBB-,7.5674,933.82,34.696,17.5,1000.0,2033-12-24,8
RU000A107SM6,Систем1P28,AA-,1.6975,920.64,5.8532,0.0,1000.0,2028-02-10,8
RU000A107SR5,СберИОС605,AAA,2.7817,767.3,9.9728,0.01,1000.0,2029-03-12,8
RU000A107ST1,АРЕНЗА1Р04,BBB+,2.8063,999.9,15.9466,18.0,1000.0,2029-03-21,8
RU000A107SX3,ЭконЛиз1Р7,BBB-,0.7118,968.08,23.585,16.0,1000.0,2027-02-15,8
RU000A107SY1,ИАДОМ 1P43,AAA,7.4962,746.3946,5.5845,0.0,746.32,2033-11-28,8
RU000A107T27,ГазКап2P12,AAA,2.705,995.16,0.434,0.0,1000.0,2029-02-12,8
RU000A107TB7,Боржоми1Р2,AA-,0.7146,1009.72,16.6907,17.25,1000.0,2027-02-16,8
RU000A107TD3,МоторТ1Р04,BB-,2.7077,565.4,58.0455,18.0,1000.0,2029-02-13,8
RU000A107TH4,АЛЬФАБ2Р26,BBB,0.7173,1007.22,14.0942,13.8,1000.0,2027-02-17,8
RU000A107TK8,sСОПФДОМ8,AAA,2.7296,995.76,0.2101,0.0,1000.0,2029-02-21,8
RU000A107TT9,ГТЛК 2P-03,AA-,12.6762,985.88,20.3415,16.8,1000.0,2039-02-02,8
RU000A107U65,ВЭББНКР 05,BB,1.18,973.98,23.9321,17.0,1000.0,2027-08-05,8
RU000A107UA7,ГПБ005P03P,AA+,7.729,1010.1,12.4415,13.7,1000.0,2034-02-21,8
RU000A107UB5,МГКЛ 1P5,BB-,2.7269,926.24,25.8428,20.0,1000.0,2029-02-20,8
RU000A107UR1,СберИОС609,AAA,2.8118,820.6,7.2829,0.01,1000.0,2029-03-23,8
RU000A107UU5,Брус 2P02,A-,0.8241,1005.13,23.3149,21.0,1000.0,2027-03-28,8
RU000A107UW1,Газпн3P10R,AAA,0.7036,1007.19,17.0517,0.0,1000.0,2027-02-12,8
RU000A107VZ2,ГПБ004Р04,AA+,0.8268,901.82,13.3641,0.01,1000.0,2027-03-29,8
RU000A107W06,Новотр 1Р5,AA-,0.7584,1027.15,16.5989,14.25,1000.0,2027-03-04,8
RU000A107W48,Инаркт2Р1,A+,0.742,997.66,15.4644,14.25,1000.0,2027-02-26,8
RU000A107W55,ВТБ Б1-351,AAA,0.7529,1000.3,15.7734,14.75,1000.0,2027-03-02,8
RU000A107W71,СолЛиз БО2,B+,1.2402,490.95,36.1433,18.5,550.0,2027-08-27,8
RU000A107W97,СберИОС610,AAA,2.8419,741.9,11.0379,0.01,1000.0,2029-04-03,8
RU000A107WD7,МаниКап1Р3,BB-,0.7201,957.3,26.8508,15.0,1000.0,2027-02-18,8
RU000A107WF2,ПИР 1P1,BB,0.7201,368.685,26.2219,18.5,375.0,2027-02-18,8
RU000A107WL0,ИКС5Фин3P4,AAA,7.7481,1037.5,16.9312,16.6,1000.0,2034-02-28,8
RU000A107X96,ВЭБP-40,AAA,5.8316,995.37,0.5011,0.0,1000.0,2032-03-30,8
RU000A107XA1,ВЭБP-41,AAA,2.1383,1005.48,0.5492,0.0,1000.0,2028-07-20,8
RU000A107XB9,ВЭБP-42,AAA,3.165,1012.31,0.0032,0.0,1000.0,2029-07-30,8
RU000A107XC7,ВЭБP-43,AAA,3.3073,1029.5,0.003,0.0,1000.0,2029-09-20,8
RU000A107XD5,ВЭБ2Р-44,AAA,1.525,1102.04,13.2231,15.2,1000.0,2027-12-09,8
RU000A107YT9,Рубеж 1P2,BBB,2.7652,836.98,32.8385,18.5,1000.0,2029-03-06,8
RU000A108009,СберСIB789,AAA,3.5674,860.0,4.3334,0.01,1000.0,2029-12-24,8
RU000A1080W6,СберИОС612,AAA,2.8611,714.0,12.5155,0.01,1000.0,2029-04-10,8
RU000A1082G5,sЕвТран2P1,C,4.7009,499.92,53.0712,15.5,1000.0,2031-02-11,8
RU000A1082K7,ВЭББНКР 06,BB,1.2567,1012.5,22.238,20.0,1000.0,2027-09-02,8
RU000A1082M3,Рекорд01,B,0.7639,966.8,30.6815,20.0,1000.0,2027-03-06,8
RU000A1082W2,НовТехнБ3,A-,0.7666,1022.91,17.1215,18.1,1000.0,2027-03-07,8
RU000A1082X0,ЛСР БО 1Р9,A,0.7666,1007.59,16.2778,14.75,1000.0,2027-03-07,8
RU000A1082Y8,СТМ 1P4,A,2.7762,1014.91,18.7741,17.85,1000.0,2029-03-10,8
RU000A1083A6,НорНикБ1P7,AAA,2.7488,1007.89,17.0017,15.8,1000.0,2029-02-28,8
RU000A1083U4,МТС 2P-04,AAA,1.3142,1023.4,0.3829,0.0,1000.0,2027-09-23,8
RU000A1083V2,АГТК БО-05,BB,2.809,1002.63,20.9869,18.0,1000.0,2029-03-22,8
RU000A1083W0,МТС 2P-05,AAA,1.3142,1028.6,0.2293,0.0,1000.0,2027-09-23,8
RU000A1083X8,АГТК БО-04,BB,2.809,971.63,22.819,18.0,1000.0,2029-03-22,8
RU000A108405,iХРОМОС Б1,BB,1.7687,1037.33,20.9623,29.5,1000.0,2028-03-07,8
RU000A108413,СберИОС615,AAA,2.9158,864.0,5.1566,0.01,1000.0,2029-04-30,8
RU000A108421,СберИОС616,AAA,2.9158,723.0,11.7854,0.01,1000.0,2029-04-30,8
RU000A108447,Росагрл1Р5,AA-,2.9213,976.15,19.2267,16.34,1000.0,2029-05-02,8
RU000A108462,Джой 1P2,BB-,0.7858,968.7,27.5982,18.5,1000.0,2027-03-14,8
RU000A1084B2,СэтлГрБ2P3,A-,0.7858,1013.49,17.2875,17.0,1000.0,2027-03-14,8
RU000A1084E6,О'КЕЙ Б1Р6,A-,7.7673,1001.87,17.349,15.5,1000.0,2034-03-07,8
RU000A1084F3,ГПБ004Р05,AA+,0.9035,896.81,12.8557,0.01,1000.0,2027-04-26,8
RU000A1084J5,ВТБС1-1011,AAA,4.0082,575.7,14.7842,0.01,1000.0,2030-06-03,8
RU000A1084K3,ВТБС1-1012,AAA,4.0575,556.4,15.5591,0.01,1000.0,2030-06-21,8
RU000A1084M9,ВТБС1-1014,AAA,4.2053,533.68,15.0081,0.01,1000.0,2030-08-14,8
RU000A1084N7,СЕРГВ БО-1,BB-,0.8186,1018.11,26.9772,20.0,1000.0,2027-03-26,8
RU000A1084P2,ВТБС1-1015,AAA,5.2786,479.2,14.9273,0.01,1000.0,2031-09-10,8
RU000A1084Q0,РЖДЗО26-2Р,AAA,0.2793,99978.19,14.5083,7.675,100000.0,2026-09-10,8
RU000A1085A1,СИНАРАБ1,BBB,0.8624,1012.38,15.5448,15.2,1000.0,2027-04-11,8
RU000A1086N2,CTRLлиз1Р2,BB-,2.8282,572.6958,63.2983,18.25,823.9,2029-03-29,8
RU000A108777,БалтЛизП10,AA-,0.8542,988.41,2.4196,0.0,1000.0,2027-04-08,8
RU000A1087A7,ТелХолБ2-6,A-,2.7871,998.74,16.8048,15.0,1000.0,2029-03-14,8
RU000A1087F6,Ульоб34008,BBB,2.8474,1044.87,15.367,16.0,1000.0,2029-04-05,8
RU000A1087G4,ПСБ Фин2Р1,A+,0.8159,403.17,18.2143,18.5,400.0,2027-03-25,8
RU000A1087J8,ГазКап2P14,AAA,2.7871,987.9,0.4911,0.0,1000.0,2029-03-14,8
RU000A1088K4,СберИОС617,AAA,2.9459,677.5,13.2212,0.01,1000.0,2029-05-11,8
RU000A1088L2,СберИОС618,AAA,2.9459,867.0,4.9788,0.01,1000.0,2029-05-11,8
RU000A108991,Сегежа3P4R,BB-,0.8542,967.67,7.6775,0.0,1000.0,2027-04-08,8
RU000A1089A3,АСпэйс 1Р1,BB,1.3142,873.1168,21.5611,17.0,889.0,2027-09-23,8
RU000A1089G0,ГИДРОМАШ02,A,7.8056,1001.62,15.8113,15.25,1000.0,2034-03-21,8
RU000A1089L0,АСВ 1Р02,BB+,0.8569,692.61,24.1277,20.0,680.0,2027-04-09,8
RU000A1089U1,РЖДЗО28-3Р,AAA,2.3025,87881.39,15.1027,7.45,100000.0,2028-09-18,8
RU000A1089X5,РЖДЗО28-1Р,AAA,1.755,89239.5,15.2792,6.598,100000.0,2028-03-02,8
RU000A108A19,СолтонБО01,BB,0.8378,885.97,41.2465,17.5,1000.0,2027-04-02,8
RU000A108AJ8,МСБЛиз3P03,BBB-,0.8405,370.0398,20.6184,18.0,366.73,2027-04-03,8
RU000A108AK6,Фордевинд5,BB+,1.3333,1039.77,20.5023,22.0,1000.0,2027-09-30,8
RU000A108AL4,ИнтЛиз1Р08,A,0.8405,618.186,18.8678,15.75,615.0,2027-04-03,8
RU000A108B83,ОилРесур01,BBB-,0.8515,848.18,47.1006,17.0,1000.0,2027-04-07,8
RU000A108BQ1,ЦентрИБ13,A,0.8898,1025.85,13.432,15.0,1000.0,2027-04-21,8
RU000A108BX7,ТатнхимP02,BB+,2.8309,1036.26,20.8358,20.5,1000.0,2029-03-30,8
RU000A108C09,СберИОС621,AAA,2.9843,912.0,3.149,0.01,1000.0,2029-05-25,8
RU000A108C17,ПИР 1P2,BB,2.8309,1008.88,27.649,24.5,1000.0,2029-03-30,8
RU000A108C33,ИнвОбл05,AA,2.7734,660.82,16.1304,0.01,1000.0,2029-03-09,8
RU000A108C41,ИнвОбл06,AA,2.7734,1170.02,21.0768,0.01,1000.0,2029-03-09,8
RU000A108C58,ЭлемЛиз1P8,A,0.8624,311.266,17.2224,16.0,307.5,2027-04-11,8
RU000A108C74,РЕСОЛиБП25,AA-,7.7618,1011.12,15.5169,15.5,1000.0,2034-03-05,8
RU000A108CC9,ПКБ 1Р-04,A-,0.8953,681.132,17.6257,17.0,668.0,2027-04-23,8
RU000A108CE5,ЮДПАвтО Б1,BB+,2.8364,725.7,40.5739,18.25,1000.0,2029-04-01,8
RU000A108CG0,ГПБ004Р06,AA+,0.9993,830.9,20.4248,0.01,1000.0,2027-05-31,8
RU000A108D81,sЕвТрнс2P2,C,4.8214,492.87,52.3575,15.5,1000.0,2031-03-27,8
RU000A108DE3,ГТЛК 1P-21,AA-,2.9076,986.94,20.8199,17.15,1000.0,2029-04-27,8
RU000A108DG8,СберИОС620,AAA,3.0308,901.1,3.5516,0.01,1000.0,2029-06-11,8
RU000A108DP9,АрлифтБО01,BB+,1.9192,513.09,24.2451,23.5,500.0,2028-05-01,8
RU000A108E64,СберИОС622,AAA,3.0308,921.6,2.7294,0.01,1000.0,2029-06-11,8
RU000A108E80,PLAZABO-02,BB,1.9411,738.81,48.415,20.0,1000.0,2028-05-09,8
RU000A108EE1,ОФЗ 26246,AAA,9.7823,903.14,14.8003,12.0,1000.0,2036-03-12,0
RU000A108EF8,ОФЗ 26247,AAA,12.9446,882.09,14.8091,12.25,1000.0,2039-05-11,0
RU000A108EG6,ОФЗ 26245,AAA,9.3224,901.78,14.7883,12.0,1000.0,2035-09-26,0
RU000A108EH4,ОФЗ 26248,AAA,13.9603,940.77,14.7541,12.25,1000.0,2040-05-16,0
RU000A108F63,БДеньг-2P6,BB,1.41,980.02,25.422,19.5,1000.0,2027-10-28,8
RU000A108F89,Румберг1P3,BBB,0.1752,21.0,27009.4482,0.0,1000.0,2026-08-03,8
RU000A108FC2,ДОМ 2P4,AAA,1.9685,999.6,0.2093,0.0,1000.0,2028-05-19,8
RU000A108FE8,УрожайБО04,CCC,1.4483,666.51,68.2733,20.0,1000.0,2027-11-11,8
RU000A108FG3,AGROFRGT01,B,0.95,984.41,31.5839,22.5,1000.0,2027-05-13,8
RU000A108FS8,ANTERRA-02,B-,0.9637,734.67,71.3597,20.0,1000.0,2027-05-18,8
RU000A108G05,ЕврХол3P01,AA,0.4381,1008.22,0.437,0.0,1000.0,2026-11-07,8
RU000A108GC0,ИАДОМ 1P44,AAA,28.564,798.7521,7.5193,0.0,814.97,2054-12-23,8
RU000A108GL1,Систем1P29,AA-,1.9658,907.36,5.5559,0.0,1000.0,2028-05-18,8
RU000A108GM9,АЛЬЯНС 1P5,BBB-,0.9363,957.42,25.1109,17.0,1000.0,2027-05-08,8
RU000A108GN7,Систем1P30,AA-,2.2149,911.79,4.6539,0.0,1000.0,2028-08-17,8
RU000A108GR8,Ростел1P7R,AAA,0.9692,1004.46,0.0724,0.0,1000.0,2027-05-20,8
RU000A108JC4,АВТОБФ БП5,A+,3.0144,1086.62,12.1538,15.0,1000.0,2029-06-05,8
RU000A108JD2,АВТОБФ БП6,A+,4.0465,1103.18,13.7605,15.0,1000.0,2030-06-17,8
RU000A108JV4,ГазпКап3P2,AAA,1.9357,1000.27,0.3121,0.0,1000.0,2028-05-07,8
RU000A108K25,СберИОС623,AAA,3.0554,701.0,12.3491,0.01,1000.0,2029-06-20,8
RU000A108KT6,Росагрл2Р1,AA-,3.0938,984.89,19.4329,16.31,1000.0,2029-07-04,8
RU000A108KU4,А101 1P01,A+,0.9582,1030.39,14.9556,17.0,1000.0,2027-05-16,8
RU000A108KV2,МоторТ1Р05,BB-,2.9843,686.09,44.0521,20.0,1000.0,2029-05-25,8
RU000A108L65,АйДиКоле07,BBB-,0.9692,1003.66,20.818,19.0,1000.0,2027-05-20,8
RU000A108LG1,СберИОС625,AAA,1.0678,890.3,2.5221,0.01,1000.0,2027-06-25,8
RU000A108LL1,Нижегород1,BBB,3.0007,842.87,38.8081,20.0,1000.0,2029-05-31,8
RU000A108LN7,СмартФ1Р03,BBB-,0.9747,932.68,30.9368,18.75,1000.0,2027-05-22,8
RU000A108LS6,ГПБ004Р08,AA+,0.0767,999.19,0.1488,0.01,1000.0,2026-06-28,8
RU000A108P46,БалтЛизП11,AA-,1.024,969.08,3.9289,0.0,1000.0,2027-06-09,8
RU000A108P61,РСетиМР1P6,AAA,0.9966,1012.61,16.8185,15.65,1000.0,2027-05-30,8
RU000A108PC1,ЛЕГЕНДА2P3,BBB,0.011,1010.7,59.9102,0.0,1000.0,2026-06-04,8
RU000A108Q03,МБЭС 2P-03,AAA,8.0164,1033.53,5.0821,0.0,1000.0,2034-06-06,8
RU000A108Q60,СберИОС626,AAA,3.1102,865.6,4.6327,0.01,1000.0,2029-07-10,8
RU000A108Q78,Кеарли 1Р1,B+,1.0075,958.21,35.8868,21.0,1000.0,2027-06-03,8
RU000A108Q94,Мегафон2P5,AAA,0.7064,1032.66,0.1422,0.0,1000.0,2027-02-13,8
RU000A108RK0,РКС2Р4,BBB,1.0486,998.45,26.776,20.0,1000.0,2027-06-18,8
RU000A108RP9,АФБАНК1Р12,AA,1.0486,1037.48,18.772,17.7,1000.0,2027-06-18,8
RU000A108RQ7,SELGOLD003,A+,3.2909,9943.6348,6.7828,5.5,10156.1,2029-09-14,8
RU000A108TD1,ИнвОбл07,AA,1.3361,800.17,18.1936,0.01,1000.0,2027-10-01,8
RU000A108TE9,ИнвОбл08,AA,1.3361,910.07,7.3348,0.01,1000.0,2027-10-01,8
RU000A108TU5,Джи-гр 2Р4,BBB+,0.5339,975.86,27.4294,0.0,1000.0,2026-12-12,8
RU000A108U49,УрожайБО05,CCC,1.0623,618.82,57.1237,0.01,1000.0,2027-06-23,8
RU000A108U72,ПКБ 1Р-05,A-,2.0205,1001.01,21.2884,0.0,1000.0,2028-06-07,8
RU000A108U80,СберИОС631,AAA,3.1513,713.0,11.3504,0.01,1000.0,2029-07-25,8
RU000A108U98,СберИОС630,AAA,3.154,785.0,7.9939,0.01,1000.0,2029-07-26,8
RU000A108UJ6,NSKATD-01,BBB+,0.0739,1033.4,22.1397,19.0,1000.0,2026-06-27,8
RU000A108UR9,РЕСОЛиБП26,AA-,8.0438,1093.96,13.9904,18.5,1000.0,2034-06-16,8
RU000A108VL0,ГПБ005P12P,AA+,1.6728,988.81,17.0424,15.0,1000.0,2028-02-01,8
RU000A108VM8,РедСофт2P5,BBB+,0.0794,1038.15,20.1981,20.5,1000.0,2026-06-29,8
RU000A108WJ2,БИЗНЕС01,B-,1.5825,709.74,68.3283,23.0,1000.0,2027-12-30,8
RU000A108WV7,Фордевинд6,BB+,1.5469,1001.34,11.3902,20.0,1000.0,2027-12-17,8
RU000A108WY1,МЕТАЛИН1P8,AA,0.5886,1021.09,0.7538,0.0,1000.0,2027-01-01,8
RU000A108Y60,ПУБ001Р-01,BB,1.065,552.8499,19.0284,22.0,543.5,2027-06-24,8
RU000A108YZ4,ММЗ001P-01,B+,1.0705,376.7475,20.7224,20.0,375.0,2027-06-26,8
RU000A108Z02,СберИОС633,AAA,3.1923,892.0,3.659,0.01,1000.0,2029-08-09,8
RU000A108Z10,СберИОС634,AAA,3.1896,708.0,11.4522,0.01,1000.0,2029-08-08,8
RU000A108Z77,ПрактЛК1Р3,A,1.1718,390.4195,19.2121,17.1,390.6,2027-08-02,8
RU000A108Z85,РЖД 1Р-32R,AAA,3.217,986.62,17.3063,15.51,1000.0,2029-08-18,8
RU000A108Z93,ВТБЛИЗ 1Р1,AA,0.0876,1006.1,9.2265,17.75,1000.0,2026-07-02,8
RU000A108ZH9,Славнеф2Р5,AA,7.9562,1001.81,17.3227,0.0,1000.0,2034-05-15,8
RU000A108ZU2,МГКЛ-1P6,BB-,3.0582,1025.05,24.8503,23.0,1000.0,2029-06-21,8
RU000A109098,iПозитивР1,AA-,1.0924,1009.11,0.0826,0.0,1000.0,2027-07-04,8
RU000A1090A1,ТАЛК001P02,BBB,1.0924,605.528,5.5499,18.25,560.0,2027-07-04,8
RU000A1090H6,ПионЛизБО6,B,8.0,745.84,36.2259,22.33,1000.0,2034-05-31,8
RU000A1090K0,Магнит4P06,AA+,0.115,1008.29,15.1857,15.5,1000.0,2026-07-12,8
RU000A1090N4,Аэрфью2Р03,A,1.1362,1002.3,1.928,0.0,1000.0,2027-07-20,8
RU000A109221,МИРРИКО1P1,BBB-,1.1362,892.86,37.4191,19.0,1000.0,2027-07-20,8
RU000A1092S9,ЭлемЛиз1P9,A,1.1088,404.9849,14.8402,18.5,390.6,2027-07-10,8
RU000A1092T7,Омега01,B+,1.5989,382.32,188.12,18.5,1000.0,2028-01-05,8
RU000A109312,МТС 2P-06,AAA,2.1383,1010.75,0.3869,0.0,1000.0,2028-07-20,8
RU000A1093G2,ИАДОМ 1P46,AAA,29.7467,658.1496,11.6856,0.0,609.68,2056-02-28,8
RU000A1093J6,СберИОС637,AAA,3.2252,920.0,2.5978,0.01,1000.0,2029-08-21,8
RU000A1093K4,СберИОС638,AAA,3.2334,858.0,4.8653,0.01,1000.0,2029-08-24,8
RU000A1094E5,Мегафон2P6,AAA,0.1588,1015.85,0.3844,0.0,1000.0,2026-07-28,8
RU000A1094F2,ЧеркизБ1P7,AA,1.1225,1004.91,0.0,0.0,1000.0,2027-07-15,8
RU000A1094P1,ГПБ004Р10,AA+,0.2491,967.08,14.5867,0.01,1000.0,2026-08-30,8
RU000A1094T3,ДрктЛиз2Р3,BB,3.0992,561.7325,32.338,18.5,632.6,2029-07-06,8
RU000A1094U1,Байсэл 1Р1,BB-,1.1608,1020.05,24.925,24.5,1000.0,2027-07-29,8
RU000A1094W7,ХРОМОС Б2,BB,3.0992,869.37,29.3597,19.25,1000.0,2029-07-06,8
RU000A109528,Россет1Р13,AAA,1.1307,1003.62,0.0,0.0,1000.0,2027-07-18,8
RU000A109551,БалтЛизП12,AA-,1.2348,956.46,3.5119,0.0,1000.0,2027-08-25,8
RU000A1095B8,ИнвОбл09,AA,0.3395,979.97,6.2196,0.01,1000.0,2026-10-02,8
RU000A1095L7,СамолетP14,A-,1.1417,831.46,42.2311,0.0,1000.0,2027-07-22,8
RU000A1095N3,СФОРЛО-А,A-,3.269,469.8648,28.3367,19.0,486.0,2029-09-06,8
RU000A1095W4,Ростел1P9R,AAA,1.1773,1008.68,0.1876,0.0,1000.0,2027-08-04,8
RU000A109775,ИнвОбл10,AA,0.3395,908.57,6.1875,0.01,1000.0,2026-10-02,8
RU000A1097A6,СберИОС641,AAA,3.2799,948.0,1.6544,0.01,1000.0,2029-09-10,8
RU000A1097C2,АРЕНЗА1Р05,BBB+,1.2485,695.2,21.307,17.75,700.0,2027-08-30,8
RU000A1097S8,ГПБ005P04P,AA+,1.692,989.47,1.2073,0.0,1000.0,2028-02-08,8
RU000A1097T6,СБ СекьюрА,AAA,7.2389,291.0064,15.615,20.0,283.62,2033-08-26,8
RU000A1097X8,БИАНКА-01,BB,1.1608,996.54,28.1523,23.0,1000.0,2027-07-29,8
RU000A109825,АЗБУКАВКП3,A+,8.0602,1009.36,17.7914,16.5,1000.0,2034-06-22,8
RU000A109874,СамолетP15,A-,1.1636,988.52,38.1411,19.5,1000.0,2027-07-30,8
RU000A109890,ВЭББНКР 07,BB,1.6564,968.52,26.8261,19.5,1000.0,2028-01-26,8
RU000A1098F3,Систем1P31,AA-,2.4422,901.15,4.9496,0.0,1000.0,2028-11-08,8
RU000A1098T4,Сульфур1P1,B,1.1992,968.71,34.1203,25.0,1000.0,2027-08-12,8
RU000A109908,МВ ФИН 1Р5,BBB+,0.1834,993.74,11.9782,0.0,1000.0,2026-08-06,8
RU000A109916,РостелP10R,AAA,0.2053,1027.39,10.7228,19.25,1000.0,2026-08-14,8
RU000A109981,Джи-гр 2Р5,BBB+,1.2512,953.29,5.0006,0.0,1000.0,2027-08-31,8
RU000A1099A2,НоваБевБП7,AA,1.18,1008.25,17.146,15.9,1000.0,2027-08-05,8
RU000A1099E4,МОЭ 1Р01,AA+,3.1513,1005.55,0.2356,0.0,1000.0,2029-07-25,8
RU000A1099P0,БДеньг-2P7,BB,1.6783,1019.37,18.442,23.0,1000.0,2028-02-03,8
RU000A1099S4,Новосиб 24,AA-,3.2142,1057.09,14.6493,18.0,1000.0,2029-08-17,8
RU000A1099V8,СовкмЛ П07,AA-,1.1882,839.285,22.9875,0.0,835.0,2027-08-08,8
RU000A1099W6,ЕДА-01,BB,1.2211,1012.53,24.6244,23.0,1000.0,2027-08-20,8
RU000A109A34,СберИОС644,AAA,3.3265,866.0,4.4343,0.01,1000.0,2029-09-27,8
RU000A109B33,Газпн3P13R,AAA,1.6947,1005.03,0.0591,0.0,1000.0,2028-02-09,8
RU000A109B82,АЛЬЯНС 1P6,BBB-,1.6975,843.55,11.2316,0.0,1000.0,2028-02-10,8
RU000A109BR7,СберСIB875,AAA,0.742,953.0,6.6671,0.0,1000.0,2027-02-26,8
RU000A109BT3,СберСIB877,AAA,0.4736,974.3,5.4413,0.0,1000.0,2026-11-20,8
RU000A109CC7,СберСIB896,AAA,0.731,995.0,0.6895,0.0,1000.0,2027-02-22,8
RU000A109DP7,ТАЛК001P03,BBB,1.2156,611.06,14.5538,17.0,600.0,2027-08-18,8
RU000A109DT9,Росагрл2Р3,AA-,1.3169,1001.55,0.459,0.0,1000.0,2027-09-24,8
RU000A109DV5,ИнтЛиз1Р09,A,1.2183,598.01,19.3545,17.1,600.0,2027-08-19,8
RU000A109E71,ТрансКо2P1,AA-,1.2211,976.97,2.0514,0.0,1000.0,2027-08-20,8
RU000A109EG4,ГПБ004Р12,AA+,0.4189,932.76,18.7405,0.01,1000.0,2026-10-31,8
RU000A109F05,АСПЭКДом02,BB-,1.2594,1090.17,16.7609,24.5,1000.0,2027-09-03,8
RU000A109GX4,СберКИБ1P4,AAA,0.9254,871.0,16.0411,0.0,1000.0,2027-05-04,8
RU000A109H60,СбКИБ1P13,AAA,3.6468,955.9,1.2651,0.0,1000.0,2030-01-22,8
RU000A109HD4,СбКИБ1P20,AAA,1.8809,726.0,20.0809,0.0,1000.0,2028-04-17,8
RU000A109HH5,СбКИБ1P24,AAA,0.9336,868.5,16.0412,0.0,1000.0,2027-05-07,8
RU000A109HL7,СбКИБ1P27,AAA,1.911,514.4,48.339,0.0,1000.0,2028-04-28,8
RU000A109HM5,СбКИБ1P28,AAA,1.9439,671.0,25.2418,0.0,1000.0,2028-05-10,8
RU000A109HX2,iВУШ 1P3,BBB+,1.243,878.54,12.4783,0.0,1000.0,2027-08-28,8
RU000A109JJ7,СберИОС647,AAA,3.3593,798.1,6.9633,0.01,1000.0,2029-10-09,8
RU000A109JK5,СберИОС648,AAA,3.3593,837.0,5.4542,0.01,1000.0,2029-10-09,8
RU000A109JW0,КАМАЗ БП12,A,1.2895,997.76,2.8083,0.0,1000.0,2027-09-14,8
RU000A109JX8,ЛАЗСИСТ-01,BBB,1.2567,1010.62,20.3508,18.75,1000.0,2027-09-02,8
RU000A109KC0,ИКС5Фин3P6,AAA,9.4292,1018.36,13.8222,14.4,1000.0,2035-11-04,8
RU000A109KL1,ВТБ Б1-359,AAA,1.306,1003.26,15.6512,14.5,1000.0,2027-09-20,8
RU000A109KV0,МСПБанк1P2,BBB-,3.2361,1010.25,17.379,17.25,1000.0,2029-08-25,8
RU000A109KW8,НКНХ 1Р-03,AAA,5.2074,1005.4,17.0672,15.7,1000.0,2031-08-15,8
RU000A109KX6,ВИС Ф БП06,A+,1.3114,1004.24,2.1997,0.0,1000.0,2027-09-22,8
RU000A109KY4,АФБАНК1Р13,AA,1.2977,1039.69,18.6109,17.8,1000.0,2027-09-17,8
RU000A109L49,АЛРОСА1Р1,AAA,2.2587,1004.81,0.0977,0.0,1000.0,2028-09-02,8
RU000A109L72,Якут-35016,A+,3.4114,1007.39,17.2468,15.8,1000.0,2029-10-28,8
RU000A109L98,ИАДОМ 1P45,AAA,28.909,847.6163,16.9391,15.3,862.1,2055-04-28,8
RU000A109LC8,РОЛЬФ 1Р03,BBB+,1.2758,958.87,24.0913,17.5,1000.0,2027-09-09,8
RU000A109LG9,Сбер SbD2R,AAA,3.3347,643.4,16.688,0.0,1000.0,2029-09-30,8
RU000A109LL9,СберИОС649,AAA,3.4059,794.4,7.0627,0.01,1000.0,2029-10-26,8
RU000A109MG7,ИАДОМ 1P50,AAA,28.9774,841.0625,7.3262,0.0,860.51,2055-05-23,8
RU000A109NA8,СолСАТЛ01,B+,1.7769,609.27,25.5677,24.0,600.0,2028-03-10,8
RU000A109NC4,РКСЭталон4,AAA,6.5051,326.5949,6.6941,21.5,303.67,2032-12-01,8
RU000A109NF7,ЯТЭК 1P-4,A-,1.2977,998.23,18.7575,0.0,1000.0,2027-09-17,8
RU000A109NG5,ИАДОМ 1P49,AAA,29.243,631.8502,13.3474,0.0,682.27,2055-08-28,8
RU000A109NH3,ИАДОМ 1P47,AAA,26.9925,824.3656,16.7383,15.8,816.31,2053-05-28,8
RU000A109NJ9,ИАДОМ 1P48,AAA,28.4956,658.654,13.2124,8.5,761.83,2054-11-28,8
RU000A109NM3,РСТ-01,BBB-,1.2923,1038.34,22.6594,23.5,1000.0,2027-09-15,8
RU000A109NR2,АЛЬЯНС 1P7,BBB-,1.295,1018.62,20.6374,24.0,1000.0,2027-09-16,8
RU000A109P52,ВТБС1-1340,AAA,2.5133,687.8,15.2725,0.01,1000.0,2028-12-04,8
RU000A109PF2,РЖД 1Р-33R,AAA,2.4148,997.13,17.6844,15.81,1000.0,2028-10-29,8
RU000A109PK2,Сказка 1P1,B+,1.3333,1009.61,37.5431,24.0,1000.0,2027-09-30,8
RU000A109PP1,АБЗ-1 2Р01,A-,1.3169,1000.31,0.038,0.0,1000.0,2027-09-24,8
RU000A109QN4,Экспо1П02,A+,3.2745,1003.12,16.0053,0.0,1000.0,2029-09-08,8
RU000A109R19,ГПБФин1Р2,AA+,1.399,1004.32,0.8693,0.0,1000.0,2027-10-24,8
RU000A109R50,Самокат02,BB-,1.3142,1031.56,20.9566,23.0,1000.0,2027-09-23,8
RU000A109RF8,ТЛК 1Р1,BB-,1.3142,886.759,25.2758,23.0,890.0,2027-09-23,8
RU000A109RR3,Ульоб34009,BBB,3.3457,1198.09,14.4289,22.5,1000.0,2029-10-04,8
RU000A109S91,РСетиМР1P7,AAA,0.3368,1014.83,15.9511,0.0,1000.0,2026-10-01,8
RU000A109SP5,ЭталонФин2,BBB+,1.3333,907.19,8.6239,0.0,1000.0,2027-09-30,8
RU000A109SZ4,Мегафон2P7,AAA,0.8734,1022.25,0.1149,0.0,1000.0,2027-04-15,8
RU000A109T74,АйДиКол1Р2,BBB-,1.3388,707.7612,23.3408,19.5,706.0,2027-10-02,8
RU000A109TF4,АСВ 1Р03,BB+,1.3744,1059.05,25.5243,25.75,1000.0,2027-10-15,8
RU000A109TG2,iКарРус1P4,BBB+,0.3559,979.25,8.781,0.0,1000.0,2026-10-08,8
RU000A109TJ6,ПСБ 3P-09,AAA,1.3744,1005.02,17.5699,16.5,1000.0,2027-10-15,8
RU000A109TW9,НорНик Б10,AAA,3.3238,1002.69,0.2014,0.0,1000.0,2029-09-26,8
RU000A109U97,ДОМ 2P5,AAA,0.3833,1006.88,16.5951,15.75,1000.0,2026-10-18,8
RU000A109UE5,РАТ 001-01,BB+,1.3552,1063.51,24.0106,23.0,1000.0,2027-10-08,8
RU000A109VK0,ВсИнстр1Р3,A,0.8679,1075.48,14.1758,21.85,1000.0,2027-04-13,8
RU000A109VM6,КАМАЗ БП13,A,0.3751,999.68,1.4843,0.0,1000.0,2026-10-15,8
RU000A109X03,СберИОС656,AAA,3.4935,776.1,7.5451,0.01,1000.0,2029-11-27,8
RU000A109X37,Сбер SbD3R,AAA,3.4524,634.7,16.7086,0.0,1000.0,2029-11-12,8
RU000A109XN0,СЛДК 1P1,B+,1.4045,528.42,107.5186,19.0,1000.0,2027-10-26,8
RU000A109XR1,Акрон Б1P5,AA,1.3717,911.07,24.6732,0.0,900.0,2027-10-14,8
RU000A109YT5,АЛЬФАБ1Р17,BBB,5.4182,717.8,7.0416,0.0,1000.0,2031-10-31,8
RU000A10A026,АРЕНЗА1Р06,BBB+,1.4894,803.36,21.003,18.25,800.0,2027-11-26,8
RU000A10A125,Роснфт4P3,AAA,8.4162,1019.32,4.6005,8.0,1000.0,2034-10-30,8
RU000A10A133,ЕвроТранс4,C,3.3785,850.0,20.6024,14.0,1000.0,2029-10-16,8
RU000A10A141,ЕвроТранс5,C,3.3785,813.18,42.131,25.0,1000.0,2029-10-16,8
RU000A10A1P9,АПРИ 2Р5,BBB-,2.4394,979.01,31.8609,24.0,1000.0,2028-11-07,8
RU000A10A1W5,ВТБС1-1343,AAA,3.4935,440.55,26.467,0.01,1000.0,2029-11-27,8
RU000A10A216,ВТБС1-1348,AAA,1.6701,791.9,15.0295,0.01,1000.0,2028-01-31,8
RU000A10A232,ВТБС1-1350,AAA,2.5325,692.75,15.1777,0.01,1000.0,2028-12-11,8
RU000A10A3Q3,АНТЕРРА-03,B-,1.462,876.71,50.6821,30.0,1000.0,2027-11-16,8
RU000A10A3Z4,ГТЛК 2P-04,AA-,3.4031,1157.21,14.5055,25.0,1000.0,2029-10-25,8
RU000A10A414,ПКБ 1Р-06,A-,1.4374,1024.88,27.8673,0.0,1000.0,2027-11-07,8
RU000A10A4C1,ЭНИКА 1Р05,BBB,3.4059,852.09,27.8607,28.0,800.0,2029-10-26,8
RU000A10A4N8,ИнтЛиз1Р10,A,1.4374,734.434,18.779,19.0,720.0,2027-11-07,8
RU000A10A505,Виллин1P1,BB-,1.4784,683.14,116.8448,28.0,1000.0,2027-11-22,8
RU000A10A554,АПРИ 2Р6,BBB-,2.5161,998.44,15.094,22.0,1000.0,2028-12-05,8
RU000A10A6J1,ТомскАдм 9,BBB+,0.5339,637.98,13.6591,26.0,600.0,2026-12-12,8
RU000A10A6N3,СберИОС662,AAA,3.6112,903.6,2.7219,0.01,1000.0,2030-01-09,8
RU000A10A7A8,ВЗВТ-01,B+,1.5003,1012.8,29.1564,30.0,1000.0,2027-11-30,8
RU000A10A7D2,ОФЗ 29026,AAA,12.2628,1001.73,16.6083,14.92,1000.0,2038-09-04,0
RU000A10A8H1,РусГид2Р04,AAA,0.0767,1009.12,17.2279,23.0,1000.0,2026-06-28,8
RU000A10A950,ВТБС1-1395,AAA,1.5551,793.8,16.0496,0.01,1000.0,2027-12-20,8
RU000A10A968,ВТБС1-1396,AAA,1.5743,788.5,16.3337,0.01,1000.0,2027-12-27,8
RU000A10A976,ВТБС1-1397,AAA,2.5763,747.4,11.9867,0.01,1000.0,2028-12-27,8
RU000A10A9Z1,Магнит4P05,AA+,3.4552,988.7,17.6546,16.35,1000.0,2029-11-13,8
RU000A10AA10,ПСБЛизП01,AA,0.4983,1070.1,10.93,25.0,1000.0,2026-11-29,8
RU000A10AA93,ОФЗ 29027,AAA,10.2834,996.04,17.5968,0.0,1000.0,2036-09-11,0
RU000A10AAQ4,СФО СФ1 01,AAA,2.5763,437.0156,12.8208,25.0,417.71,2028-12-27,8
RU000A10AAU6,Амур 24001,A+,0.5339,1026.84,17.6032,19.5,1000.0,2026-12-12,8
RU000A10ABC2,Новосиб 26,AA-,1.4949,735.51,15.0719,19.0,700.0,2027-11-28,8
RU000A10ABK5,SELSILV01,A+,3.5209,1920.1725,0.4747,4.0,1706.1,2029-12-07,8
RU000A10AC67,ВОКСИС-01,BBB+,2.5133,1030.45,22.1018,21.5,1000.0,2028-12-04,8
RU000A10AC75,Томскобл24,BBB,1.5332,832.76,14.9058,26.0,750.0,2027-12-12,8
RU000A10AC91,Башкорт24,AA+,1.5387,992.17,14.2688,23.75,900.0,2027-12-14,8
RU000A10ADD6,NSKATD-02,BBB+,1.5086,1087.58,16.0455,29.0,1000.0,2027-12-03,8
RU000A10AEF9,ТГК-14 1Р3,BBB,2.0041,1214.82,15.5919,26.5,1000.0,2028-06-01,8
RU000A10AFQ3,МИРРИКО1P2,BBB-,1.5578,890.1,40.4008,19.5,1000.0,2027-12-21,8
RU000A10AG30,ГПБ004Р15,AA+,0.6708,905.03,16.1162,0.01,1000.0,2027-01-31,8
RU000A10AG48,АПРИ 2Р8,BBB-,2.5955,970.41,29.8289,24.0,1000.0,2029-01-03,8
RU000A10AHA3,ИКС5Фин3P7,AAA,8.512,998.92,14.4899,13.25,1000.0,2034-12-04,8
RU000A10AHC9,РЕСОЛиБП23,AA-,8.4298,1067.03,13.9629,24.5,1000.0,2034-11-04,8
RU000A10AHD7,Кокс01Р1,BBB+,1.5305,992.54,18.9497,0.0,1000.0,2027-12-11,8
RU000A10AHE5,НовТех1Р2,A-,0.5448,1072.49,16.803,27.5,1000.0,2026-12-16,8
RU000A10AHU1,ОилРес1P1,BBB-,3.5072,1081.25,34.0588,33.0,1000.0,2029-12-02,8
RU000A10AJR3,ВТБС1-1410,AAA,3.7098,596.2,15.0279,0.01,1000.0,2030-02-14,8
RU000A10AJS1,СбКИБ1P35,AAA,1.0185,860.0,16.0158,0.0,1000.0,2027-06-07,8
RU000A10AK00,СбКИБ1P43,AAA,1.1006,835.0,17.9865,0.0,1000.0,2027-07-07,8
RU000A10AK18,СбКИБ1P44,AAA,2.0945,764.9,14.6841,0.0,1000.0,2028-07-04,8
RU000A10AK34,СбКИБ1P46,AAA,1.1417,813.0,20.1814,0.0,1000.0,2027-07-22,8
RU000A10AK42,СбКИБ1P47,AAA,0.1424,972.9,19.9353,0.0,1000.0,2026-07-22,8
RU000A10AK67,СбКИБ1P49,AAA,2.1711,961.9,1.8254,0.0,1000.0,2028-08-01,8
RU000A10AK75,СбКИБ1P50,AAA,1.191,733.0,30.6345,0.0,1000.0,2027-08-09,8
RU000A10AKS9,СбКИБ1P69,AAA,0.3012,37.2,8666.8146,0.0,1000.0,2026-09-18,8
RU000A10ALK4,СбКИБ1P95,AAA,2.0014,898.9,5.4939,0.0,1000.0,2028-05-31,8
RU000A10ALQ1,СбКИБ1P100,AAA,3.7591,693.0,11.7854,0.0,1000.0,2030-03-04,8
RU000A10ALR9,СбКИБ1P101,AAA,2.078,959.5,2.0325,0.0,1000.0,2028-06-28,8
RU000A10ALW9,СбКИБ1P106,AAA,2.1684,916.3,4.2151,0.0,1000.0,2028-07-31,8
RU000A10AM99,СбКИБ1P119,AAA,2.3244,964.6,1.5796,0.0,1000.0,2028-09-26,8
RU000A10AMD7,СбКИБ1P123,AAA,2.4668,992.8,0.2941,0.0,1000.0,2028-11-17,8
RU000A10AMK2,СберИОС669,AAA,3.7207,846.1,4.837,0.01,1000.0,2030-02-18,8
RU000A10AMY3,ЛКХ-01,B,1.588,1073.68,28.8192,31.0,1000.0,2028-01-01,8
RU000A10AND5,СберИОС672,AAA,1.7139,979.0,1.0189,0.01,1000.0,2028-02-16,8
RU000A10ANF0,СберИОС673,AAA,3.7317,881.0,3.4672,0.01,1000.0,2030-02-22,8
RU000A10ANT1,РДВ ТЕХ 01,B+,3.154,957.41,47.0141,26.0,1000.0,2029-07-26,8
RU000A10ANY1,ГПБ004Р16,AA+,0.7474,922.53,11.4426,0.01,1000.0,2027-02-28,8
RU000A10AQD8,БЭЛТИ БОП7,BB-,1.6181,680.4342,25.578,25.0,667.0,2028-01-12,8
RU000A10AQE6,ИАДОМ 1P52,AAA,29.4949,858.3779,4.2661,0.0,882.56,2055-11-28,8
RU000A10AQF3,СберИОС674,AAA,3.7782,725.3,6.4597,0.01,1000.0,2030-03-11,8
RU000A10AQZ1,СберИОС675,AAA,3.7645,849.0,4.4562,0.01,1000.0,2030-03-06,8
RU000A10AR52,ВТБС1-1421,AAA,3.7317,593.43,15.1292,0.01,1000.0,2030-02-22,8
RU000A10AR60,ВТБС1-1422,AAA,3.7673,589.42,15.0799,0.01,1000.0,2030-03-07,8
RU000A10AR78,ВТБС1-1423,AAA,1.7851,783.1,14.7116,0.01,1000.0,2028-03-13,8
RU000A10AR86,ВТБС1-1424,AAA,3.7864,591.9,14.9322,0.01,1000.0,2030-03-14,8
RU000A10AR94,ВТБС1-1425,AAA,4.0575,571.0,14.8246,0.01,1000.0,2030-06-21,8
RU000A10ARR6,Пиксода Б1,BBB,1.6564,1014.39,0.0908,0.0,1000.0,2028-01-26,8
RU000A10AS02,ТГК-14 1Р5,BBB,2.6119,1112.22,21.248,24.75,1000.0,2029-01-09,8
RU000A10AS28,БинФарм1P4,A,1.6454,1011.2,19.1531,25.5,1000.0,2028-01-22,8
RU000A10AS85,Сбер SbD4R,AAA,3.7016,609.7,17.2587,0.0,1000.0,2030-02-11,8
RU000A10ASB8,Россет1Р15,AAA,0.1506,1016.82,13.1008,21.5,1000.0,2026-07-25,8
RU000A10ASC6,Европлн1Р9,AA,2.1218,995.58,15.1351,24.0,900.0,2028-07-14,8
RU000A10ASD4,РОЛЬФ 1Р06,BBB+,0.6434,1011.03,21.1576,20.5,1000.0,2027-01-21,8
RU000A10ASE2,РОЛЬФ 1Р07,BBB+,0.6434,1047.89,21.0235,26.0,1000.0,2027-01-21,8
RU000A10ASF9,СибСтекБ01,BB-,0.6516,914.29,29.8544,29.0,900.0,2027-01-24,8
RU000A10AST0,ССекьюр_А,AAA,4.5859,911.5142,16.6762,23.0,854.0,2030-12-31,8
RU000A10ASW4,КАМАЗ БП14,A,0.6543,999.07,0.1689,0.0,1000.0,2027-01-25,8
RU000A10ASY0,РЖД 1Р-34R,AAA,2.0917,1131.95,13.7465,20.1,1000.0,2028-07-03,8
RU000A10AT01,ЛКХ-02,B,1.64,1055.95,29.9247,31.0,1000.0,2028-01-20,8
RU000A10AT27,ИКС5Ф3P10,AAA,8.6872,1051.62,13.4996,19.95,1000.0,2035-02-06,8
RU000A10AT35,ИКС5Ф3P11,AAA,8.7529,1035.09,14.047,17.25,1000.0,2035-03-02,8
RU000A10ATC4,МГКЛ-1P7,BB-,3.6167,1136.82,27.0767,30.0,1000.0,2030-01-11,8
RU000A10ATR2,ГЛОРАКС1Р3,BBB,0.6598,1077.17,16.5001,28.0,1000.0,2027-01-27,8
RU000A10ATS0,ЕвроТранс6,C,3.6194,807.3,40.8228,25.0,1000.0,2030-01-12,8
RU000A10ATW2,БалтЛизП15,AA-,1.7057,926.0475,18.9856,23.7,875.0,2028-02-13,8
RU000A10AU73,ГТЛК 2P-07,AA-,0.178,1031.25,16.9202,24.0,1000.0,2026-08-04,8
RU000A10AUE8,РЖД 1Р-36R,AAA,2.4805,1151.61,14.3308,19.95,1000.0,2028-11-22,8
RU000A10AUG3,АПРИ 2Р7,BBB-,3.6331,1031.21,19.7168,29.5,1000.0,2030-01-17,8
RU000A10AV15,ВИС Ф БП07,A+,0.1862,1035.4,16.2747,25.25,1000.0,2026-08-07,8
RU000A10AV23,РЕСОЛиБП16,AA-,8.564,1014.4,14.5904,14.6,1000.0,2034-12-23,8
RU000A10AV98,МТС 1P-28,AAA,1.6674,1016.61,5.2208,21.75,1000.0,2028-01-30,8
RU000A10AWX4,ВТБС1-1451,AAA,2.82,677.5,14.826,0.01,1000.0,2029-03-26,8
RU000A10AWZ9,ВТБС1-1453,AAA,4.1259,770.0,6.5532,0.01,1000.0,2030-07-16,8
RU000A10AX05,ВТБС1-1454,AAA,1.9001,732.31,15.2497,0.01,1000.0,2028-04-24,8
RU000A10AX13,ВТБС1-1455,AAA,4.1506,560.71,14.9716,0.01,1000.0,2030-07-25,8
RU000A10AXH5,Магнит5P02,AA+,0.282,1035.79,13.4724,21.5,1000.0,2026-09-11,8
RU000A10AXP8,ВсИнстр1Р4,A,0.1999,1027.79,16.7624,24.0,1000.0,2026-08-12,8
RU000A10AYB6,АСпэйс 1Р2,BB,2.1793,1075.09,29.575,31.0,1000.0,2028-08-04,8
RU000A10AYF7,НовТех1Р4,A-,0.7228,1058.71,17.5414,24.25,1000.0,2027-02-19,8
RU000A10AYH3,СберИОС683,AAA,3.8439,793.6,6.1299,0.01,1000.0,2030-04-04,8
RU000A10AYM3,УрКаПБО7P,A,2.0726,1025.81,15.3765,16.3,1000.0,2028-06-26,8
RU000A10AYU6,МаниМенБО1,BBB-,1.6975,1104.81,21.7419,26.5,1000.0,2028-02-10,8
RU000A10AZ45,РЖД 1Р-37R,AAA,2.2341,1120.58,14.419,19.5,1000.0,2028-08-24,8
RU000A10AZ60,РЖД 1Р-38R,AAA,3.7536,1128.19,14.5202,17.9,1000.0,2030-03-02,8
RU000A10AZ78,ГПБ004Р17,AA+,0.8323,885.12,15.8654,0.01,1000.0,2027-03-31,8
RU000A10AZG2,КЛВЗ 1P02,BB-,1.7029,1094.67,22.0223,28.0,1000.0,2028-02-12,8
RU000A10AZN8,Органик1Р1,BB+,1.7057,1166.07,20.5268,29.5,1000.0,2028-02-13,8
RU000A10AZY5,АПРИ 2Р9,BBB-,3.6879,966.99,30.4565,24.0,1000.0,2030-02-06,8
RU000A10B024,Систем2P01,AA-,1.8152,1013.07,18.2872,17.5,1000.0,2028-03-24,8
RU000A10B081,ЭконЛиз1Р8,BBB-,1.7194,1092.76,23.7598,27.0,1000.0,2028-02-18,8
RU000A10B0B0,ЛСР БО1Р10,A,3.6906,1025.63,13.5667,24.0,1000.0,2030-02-07,8
RU000A10B0E4,Сбер SbD5R,AAA,3.781,602.6,17.4864,0.0,1000.0,2030-03-12,8
RU000A10B0J3,ДелЛиз1Р2,AA-,1.7221,899.536,16.635,24.0,840.0,2028-02-19,8
RU000A10B0R6,Кокс01Р2,BBB+,1.7221,1005.9,24.6643,25.5,1000.0,2028-02-19,8
RU000A10B0S4,Кокс01Р3,BBB+,1.7221,965.56,12.3053,0.0,1000.0,2028-02-19,8
RU000A10B0U0,АФБАНК1Р14,AA,0.7365,1065.89,14.3715,23.0,1000.0,2027-02-24,8
RU000A10B0Z9,ТелХолБ2-9,A-,1.7248,1019.12,17.3491,24.0,1000.0,2028-02-20,8
RU000A10B115,РЖД 1Р-40R,AAA,8.6242,1124.47,14.385,17.65,1000.0,2035-01-14,8
RU000A10B1N3,МТС 2P-07,AAA,1.7331,1016.0,14.8857,14.6,1000.0,2028-02-23,8
RU000A10B1Q6,Джи-гр 2P6,BBB+,0.7474,1061.36,19.9152,24.75,1000.0,2027-02-28,8
RU000A10B1X2,Селигдар2Р,A+,0.7502,1082.41,16.3193,24.0,1000.0,2027-03-01,8
RU000A10B214,РостелP15R,AAA,0.7529,1053.37,13.9583,18.75,1000.0,2027-03-02,8
RU000A10B255,ММЗ001P-02,B+,2.7242,988.422,24.1866,27.0,910.0,2029-02-19,8
RU000A10B2D2,Патриот1Р1,BBB,1.7413,1052.73,27.2316,27.0,1000.0,2028-02-26,8
RU000A10B2F7,Роделен2P3,BBB,3.7125,1058.36,25.9101,25.5,1000.0,2030-02-15,8
RU000A10B2J9,О'КЕЙ Б1Р7,A-,8.7228,1018.31,11.5847,25.0,1000.0,2035-02-19,8
RU000A10B2M3,БДеньг-2P8,BB,2.7269,1029.87,22.105,22.0,1000.0,2029-02-20,8
RU000A10B2P6,АйДиКол1P1,BBB-,1.744,1100.11,22.4717,26.0,1000.0,2028-02-27,8
RU000A10B2T8,ВИС Ф БП08,A+,0.7584,1080.64,16.2459,24.0,1000.0,2027-03-04,8
RU000A10B2U6,Баррель01,B+,1.744,992.39,35.4481,27.0,1000.0,2028-02-27,8
RU000A10B313,Брус 2P05,A-,1.7577,1022.66,22.0646,24.75,1000.0,2028-03-03,8
RU000A10B354,ЭффТех1P2,BB-,1.7851,738.63,68.6068,26.5,1000.0,2028-03-13,8
RU000A10B3Q2,БинФарм1P5,A,1.7632,1023.69,19.4175,23.5,1000.0,2028-03-05,8
RU000A10B3S8,Аэрфью2Р04,A,0.7995,1103.38,18.8474,24.75,1000.0,2027-03-19,8
RU000A10B3T6,ИЭКХолд1Р3,A-,0.2738,1039.22,15.9464,23.75,1000.0,2026-09-08,8
RU000A10B3W0,СовкмЛ П09,AA-,1.8535,532.3791,17.4733,0.0,528.7,2028-04-07,8
RU000A10B3Y6,ВсИнстр1Р6,A,0.2765,1040.72,15.6415,23.5,1000.0,2026-09-09,8
RU000A10B461,NSKATD-03,BBB+,1.7604,1054.53,25.962,26.0,1000.0,2028-03-04,8
RU000A10B487,ДелПорт1P4,AA-,0.282,1027.3,15.2473,20.75,1000.0,2026-09-11,8
RU000A10B495,РЖД 1Р-41R,AAA,13.7522,1104.54,14.7645,17.15,1000.0,2040-03-01,8
RU000A10B4A4,ИнтЛиз1Р11,A,2.7461,1010.8006,17.8656,24.0,919.0,2029-02-27,8
RU000A10B4D8,МЕТАЛИНP13,AA,0.7748,1007.14,0.1685,0.0,1000.0,2027-03-10,8
RU000A10B4H9,ИПС БО-01,BBB,3.7892,876.465,36.9842,30.5,850.0,2030-03-15,8
RU000A10B4L1,ДЕВАР 1Р1,BB,1.7632,1116.35,24.5962,29.5,1000.0,2028-03-05,8
RU000A10B4M9,СберИОС694,AAA,3.9343,764.3,7.2289,0.01,1000.0,2030-05-07,8
RU000A10B4T4,ПионЛизБО7,B,8.6708,712.64,35.8281,21.5,1000.0,2035-01-31,8
RU000A10B5A1,БИАНКА-02,BB,1.7741,1092.53,25.6408,28.5,1000.0,2028-03-09,8
RU000A10B5C7,ТАЛК002P01,BBB,1.7741,834.6,26.1605,18.0,880.0,2028-03-09,8
RU000A10B5S3,ГПБ004Р18,AA+,0.9144,949.91,5.8059,0.01,1000.0,2027-04-30,8
RU000A10B5U9,СберИОС697,AAA,3.885,966.0,0.9039,0.01,1000.0,2030-04-19,8
RU000A10B6K8,ТЕХНЛГ 02,BB,1.7796,1059.81,27.3776,28.0,1000.0,2028-03-11,8
RU000A10B727,МСБЛиз3P05,BBB-,3.7509,963.74,34.2305,0.0,1000.0,2030-03-01,8
RU000A10B735,МСБЛиз3P04,BBB-,3.7509,1023.71,21.8185,26.5,1000.0,2030-03-01,8
RU000A10B7D1,ЦР БО-04,C,1.7906,930.27,43.9023,29.5,1000.0,2028-03-15,8
RU000A10B7H2,"Апт36,62P2",BBB+,1.7933,1028.9,17.102,24.5,1000.0,2028-03-16,8
RU000A10B7N0,БиоВит 1Р1,BB+,1.796,1092.9,24.3717,28.0,1000.0,2028-03-17,8
RU000A10B7S9,СЗА БО-02,BB-,1.796,1045.28,28.5292,28.5,1000.0,2028-03-17,8
RU000A10B7T7,ТБ-3_01,AA,3.8193,228.1411,9.3545,25.0,218.21,2030-03-26,8
RU000A10B7W1,R-Vision 2,A+,1.7988,1154.86,15.8355,24.5,1000.0,2028-03-18,8
RU000A10B8C1,ЛаймЗайм05,BB+,1.8015,852.09,24.4315,27.5,800.0,2028-03-19,8
RU000A10B8M0,СэтлГрБ2P4,A-,3.781,1028.05,16.215,23.9,1000.0,2030-03-12,8
RU000A10B8R9,Инаркт2Р2,A+,1.8426,1099.47,15.4018,19.0,1000.0,2028-04-03,8
RU000A10B8X7,ДАРСДев1Р3,BBB,0.334,1020.1,21.4169,26.0,1000.0,2026-09-30,8
RU000A10B925,ЕАС 1P2,BB,3.7837,1001.7,23.6626,21.5,1000.0,2030-03-13,8
RU000A10B933,Селигдар3Р,A+,1.3196,1094.1,16.4076,23.25,1000.0,2027-09-25,8
RU000A10B9Q9,ГЛОРАКС1Р4,BBB,1.8152,1135.76,19.4455,25.5,1000.0,2028-03-24,8
RU000A10BA35,ВТБС1-1471,AAA,4.2218,554.8,14.9895,0.01,1000.0,2030-08-20,8
RU000A10BA43,ВТБС1-1472,AAA,4.219,600.1,12.8804,0.01,1000.0,2030-08-19,8
RU000A10BA50,ВТБС1-1473,AAA,4.2574,577.0,13.8434,0.01,1000.0,2030-09-02,8
RU000A10BA68,ВТБС1-1474,AAA,4.564,589.9,12.2721,0.01,1000.0,2030-12-23,8
RU000A10BA76,ВТБС1-1475,AAA,4.5832,540.29,14.3985,0.01,1000.0,2030-12-30,8
RU000A10BAN9,ВТБС1-1490,AAA,4.1232,562.99,14.9642,0.01,1000.0,2030-07-15,8
RU000A10BAP4,ЭталонФин3,BBB+,0.835,1054.26,23.0079,25.5,1000.0,2027-04-01,8
RU000A10BB75,ЕвроТранс7,C,0.8323,815.69,72.3543,24.5,1000.0,2027-03-31,8
RU000A10BBE6,Новотр 1Р6,AA-,2.3135,1081.47,15.6913,18.75,1000.0,2028-09-22,8
RU000A10BBG1,ТЕХЛиз 1P7,BB+,3.7919,1036.77,28.8119,27.0,1000.0,2030-03-16,8
RU000A10BF63,ГПБ004Р19,AA+,0.9966,891.0,12.3161,0.01,1000.0,2027-05-30,8
RU000A10BFG2,Атомэнпр05,AAA,3.8631,1126.68,14.516,17.3,1000.0,2030-04-11,8
RU000A10BFJ6,ПолиплП2Б4,A,0.8542,1077.77,18.6729,25.5,1000.0,2027-04-08,8
RU000A10BFK4,НовТех1Р5,A-,0.8542,1079.34,16.2703,23.25,1000.0,2027-04-08,8
RU000A10BFP3,МВ ФИН 1Р6,BBB+,0.8624,1070.71,20.677,26.0,1000.0,2027-04-11,8
RU000A10BFX7,СамолетP16,A-,1.8508,1042.78,26.1455,25.5,1000.0,2028-04-06,8
RU000A10BG13,РостелP16R,AAA,0.8652,1042.24,14.2657,17.65,1000.0,2027-04-12,8
RU000A10BG88,СберИОС707,AAA,4.0274,744.0,7.6341,0.01,1000.0,2030-06-10,8
RU000A10BGB1,СберИОС706,AAA,0.9144,956.0,5.0788,0.01,1000.0,2027-04-30,8
RU000A10BGC9,МаниМен2П1,BBB-,2.8419,1110.78,21.8952,25.5,1000.0,2029-04-03,8
RU000A10BGF2,РЖД 1Р-42R,AAA,13.848,1091.67,14.5287,17.4,1000.0,2040-04-05,8
RU000A10BGU1,ПКБ 1Р-07,A-,1.859,1048.83,23.7541,24.5,1000.0,2028-04-09,8
RU000A10BGY3,МТС 2P-10,AAA,3.8303,1014.96,13.8343,19.25,1000.0,2030-03-30,8
RU000A10BHX3,СибКХП 1P3,BB,2.8556,1028.19,26.3527,25.5,1000.0,2029-04-08,8
RU000A10BJ85,МТС-Банк05,A,0.1478,1268.9,16.139,24.0,1000.0,2026-07-24,8
RU000A10BJL4,ТЛК 1Р2,BB-,1.8891,947.8717,28.4962,24.0,958.4,2028-04-20,8
RU000A10BJX9,БалтЛизП16,AA-,1.9548,929.406,19.7889,22.25,890.0,2028-05-14,8
RU000A10BK17,Газпн3P15R,AAA,3.8631,653.05,14.485,2.0,1000.0,2030-04-11,8
RU000A10BL99,Сбер SbD6R,AAA,3.9781,585.8,17.7009,0.0,1000.0,2030-05-23,8
RU000A10BLP1,РегПродБ01,B-,1.9274,1038.29,33.9273,31.0,1000.0,2028-05-04,8
RU000A10BM56,АПРИ 2Р10,BBB-,3.9042,1027.27,21.7215,30.5,1000.0,2030-04-26,8
RU000A10BNE1,СИМПЛ1Р03,A-,0.2108,1021.25,18.753,22.5,1000.0,2026-08-16,8
RU000A10BNF8,РусГидБП13,AAA,1.1964,1056.43,13.3358,17.35,1000.0,2027-08-11,8
RU000A10BNK8,ЭНИКА 1Р06,BBB,3.9069,1041.4,28.5486,27.0,1000.0,2030-04-27,8
RU000A10BNM4,АБЗ-1 2Р03,A-,1.9357,1119.78,17.4379,25.5,1000.0,2028-05-07,8
RU000A10BNR3,СберИОС724,AAA,4.104,861.0,3.6396,0.01,1000.0,2030-07-08,8
RU000A10BP38,Якут-34005,A+,1.9466,1013.87,16.6981,16.5,1000.0,2028-05-11,8
RU000A10BP46,Страна 03,BBB-,1.9466,1038.69,27.2794,26.5,1000.0,2028-05-11,8
RU000A10BP53,ИАДОМ 1P53,AAA,29.577,894.1256,18.0037,15.0,935.03,2055-12-28,8
RU000A10BP79,МТС 2P-11,AAA,3.9179,1032.13,13.0417,19.0,1000.0,2030-05-01,8
RU000A10BP87,ПИР 1P3,BB,1.9466,1045.34,29.1109,30.0,1000.0,2028-05-11,8
RU000A10BPC0,ГПБ004Р20,AA+,1.0732,899.09,10.4613,0.01,1000.0,2027-06-27,8
RU000A10BPD8,ГПБ004Р21,AA+,1.0815,855.09,16.26,0.01,1000.0,2027-06-30,8
RU000A10BPF3,ТГК-14 1Р7,BBB,3.9781,1045.45,21.6069,21.5,1000.0,2030-05-23,8
RU000A10BPN7,ПолиплП2Б5,A,0.9665,1077.99,18.7859,25.5,1000.0,2027-05-19,8
RU000A10BPQ0,sСОПФДОМ13,AAA,0.9884,1042.26,14.1782,17.95,1000.0,2027-05-27,8
RU000A10BPX6,Спектр01,BB,0.9692,983.91,2.1102,0.0,1000.0,2027-05-20,8
RU000A10BPZ1,Систем2P02,AA-,0.9692,1063.89,17.1299,22.75,1000.0,2027-05-20,8
RU000A10BQ03,Спектр02,BB,0.9692,1072.03,21.665,27.5,1000.0,2027-05-20,8
RU000A10BQ60,РОЛЬФ 1Р08,BBB+,0.9774,1055.69,21.3309,25.5,1000.0,2027-05-23,8
RU000A10BQB0,ГТЛК 2P-08,AA-,1.9658,1083.54,15.7799,19.5,1000.0,2028-05-18,8
RU000A10BQC8,HENDERSON,A+,0.9802,1051.44,15.0851,19.5,1000.0,2027-05-24,8
RU000A10BQD6,МЕТАЛИНP14,AA,1.9658,998.7,0.051,0.0,1000.0,2028-05-18,8
RU000A10BQF1,ГИДРОМАШ03,A,8.95,1011.32,17.2204,19.0,1000.0,2035-05-13,8
RU000A10BQH7,АйДиКол1P4,BBB-,2.9541,1041.58,22.606,25.25,1000.0,2029-05-14,8
RU000A10BQK1,РКСЭталон5,AAA,6.5079,552.4363,10.7294,21.7,519.5,2032-12-02,8
RU000A10BQM7,РКС2Р5,BBB,1.9713,1073.83,26.0595,28.0,1000.0,2028-05-20,8
RU000A10BQR6,СБСекьюр2А,AAA,7.9863,470.5199,14.5371,20.3,452.34,2034-05-26,8
RU000A10BQX4,РСетиСЗ1Р1,AA+,0.9856,1009.6,16.2314,16.9,1000.0,2027-05-26,8
RU000A10BRG7,ВТБС1-1515,AAA,2.2368,805.78,10.156,0.01,1000.0,2028-08-25,8
RU000A10BRN3,СибКХП 1P4,BB,3.9535,983.78,33.6843,28.0,1000.0,2030-05-14,8
RU000A10BS76,iВУШ 1P4,BBB+,1.9877,988.22,24.1878,20.25,1000.0,2028-05-26,8
RU000A10BSL5,РостелP17R,AAA,1.3306,1055.65,13.4497,16.5,1000.0,2027-09-29,8
RU000A10BT34,Россет1Р17,AAA,1.0185,1038.27,13.5705,16.0,1000.0,2027-06-07,8
RU000A10BTA6,РЖД 1Р-43R,AAA,8.9062,1058.58,14.6463,15.9,1000.0,2035-04-27,8
RU000A10BTJ7,Ульоб34010,BBB,2.1218,1060.52,15.4807,18.5,1000.0,2028-07-14,8
RU000A10BTQ2,ТЛК 1Р3,BB-,2.0096,1014.11,15.7204,28.0,1000.0,2028-06-03,8
RU000A10BTT6,УЛК1Р01,BBB,1.024,1057.78,21.2412,24.5,1000.0,2027-06-09,8
RU000A10BU31,КАМАЗ БП15,A,1.0267,1036.48,15.8689,18.0,1000.0,2027-06-10,8
RU000A10BUK3,ИКС5Фи3P12,AAA,9.0103,1036.49,14.1694,15.55,1000.0,2035-06-04,8
RU000A10BUM9,ЭТС 1Р07,BBB+,3.0089,1055.18,17.4261,21.0,1000.0,2029-06-03,8
RU000A10BUN7,ДрктЛиз2Р5,BB,3.9945,852.5572,27.7905,27.0,816.3,2030-05-29,8
RU000A10BV22,Башкорт25,AA+,1.0595,1034.09,13.5864,16.25,1000.0,2027-06-22,8
RU000A10BV89,Арктик 01,BB,2.0233,1124.37,22.9813,28.0,1000.0,2028-06-08,8
RU000A10BVC8,ОФЗ 26249,AAA,6.0452,934.48,14.2817,11.0,1000.0,2032-06-16,0
RU000A10BVH7,ОФЗ 26250,AAA,11.0281,927.19,14.7959,12.0,1000.0,2037-06-10,0
RU000A10BVN5,ГПБ004Р22,AA+,1.1663,864.08,13.3884,0.01,1000.0,2027-07-31,8
RU000A10BVS4,ИАДОМ 1P54,AAA,29.41,918.7043,16.5085,15.46,913.84,2055-10-28,8
RU000A10BVT2,ЭТС 1Р08,BBB+,2.5216,1005.63,0.0173,0.0,1000.0,2028-12-07,8
RU000A10BVW6,sЕвТранс01,C,5.9713,598.63,58.9883,23.0,1000.0,2032-05-20,8
RU000A10BW05,СберИОС732,AAA,4.1889,868.0,3.3089,0.01,1000.0,2030-08-08,8
RU000A10BW39,ВОКСИС-03,BBB+,3.0171,1079.48,22.268,24.0,1000.0,2029-06-06,8
RU000A10BW62,МТС 2P-12,AAA,4.0027,1008.83,13.0724,18.0,1000.0,2030-06-01,8
RU000A10BW70,Томскобл25,BBB,1.7851,1071.1,14.8474,18.25,1000.0,2028-03-13,8
RU000A10BW88,АйДиКол1P5,BBB-,3.0171,1048.42,22.6021,25.25,1000.0,2029-06-06,8
RU000A10BW96,СамолетP18,A-,3.0171,1014.08,26.4259,24.0,1000.0,2029-06-06,8
RU000A10BWC6,iПозитивР3,AA-,1.8672,1073.13,14.6441,18.0,1000.0,2028-04-12,8
RU000A10BWN3,ТАЛК002P02,BBB,4.011,977.79,30.9908,26.0,1000.0,2030-06-04,8
RU000A10BWP8,СберИОС734,AAA,2.245,904.0,4.6158,0.01,1000.0,2028-08-28,8
RU000A10BWR4,СбКИБ1P146,AAA,2.4449,995.2,0.1974,0.0,1000.0,2028-11-09,8
RU000A10BWS2,СбКИБ1P147,AAA,2.4668,970.2,1.2457,0.0,1000.0,2028-11-17,8
RU000A10BWT0,СбКИБ1P148,AAA,2.4449,994.4,0.2304,0.0,1000.0,2028-11-09,8
RU000A10BWW4,СбКИБ1P151,AAA,2.5243,933.8,2.8096,0.0,1000.0,2028-12-08,8
RU000A10BWX2,СбКИБ1P152,AAA,2.5517,960.4,1.6165,0.0,1000.0,2028-12-18,8
RU000A10BWY0,СбКИБ1P153,AAA,2.4805,918.0,3.6026,0.0,1000.0,2028-11-22,8
RU000A10BX04,СбКИБ1P155,AAA,2.486,896.9,4.6259,0.0,1000.0,2028-11-24,8
RU000A10BX20,СбКИБ1P157,AAA,2.5243,980.8,0.7758,0.0,1000.0,2028-12-08,8
RU000A10BX61,СбКИБ1P161,AAA,2.6283,979.0,0.8164,0.0,1000.0,2029-01-15,8
RU000A10BX79,СбКИБ1P162,AAA,2.6338,958.0,1.6651,0.0,1000.0,2029-01-17,8
RU000A10BX95,СбКИБ1P164,AAA,2.6283,988.9,0.4272,0.0,1000.0,2029-01-15,8
RU000A10BXC4,СбКИБ1P167,AAA,2.5544,860.7,6.4125,0.0,1000.0,2028-12-19,8
RU000A10BXG5,СбКИБ1P171,AAA,2.694,900.2,4.1211,0.0,1000.0,2029-02-08,8
RU000A10BXN1,СберИОС735,AAA,2.2067,926.3,3.5473,0.01,1000.0,2028-08-14,8
RU000A10BXQ4,ДрктЛиз2Р4,BB,4.0137,760.4764,29.5425,22.0,816.3,2030-06-05,8
RU000A10BXV4,Реиннол1P3,BB-,4.0684,897.11,33.0424,21.5,1000.0,2030-06-25,8
RU000A10BY45,НовТех1Р7,A-,1.0595,1046.17,16.791,20.25,1000.0,2027-06-22,8
RU000A10BY52,iКарРус1P6,BBB+,2.0424,975.19,24.0406,20.0,1000.0,2028-06-15,8
RU000A10BY94,Систем2P03,AA-,0.8131,1034.35,18.7481,21.5,1000.0,2027-03-24,8
RU000A10BYR0,Самокат03,BB-,2.0479,1047.16,27.396,27.0,1000.0,2028-06-17,8
RU000A10BYZ3,Медскан1Р1,A,1.3114,1042.92,15.9489,18.5,1000.0,2027-09-22,8
RU000A10BZH8,Сбер SbD7R,AAA,4.1123,574.4,17.9221,0.0,1000.0,2030-07-11,8
RU000A10BZJ4,БалтЛизП18,AA-,2.0972,1014.53,19.7525,19.0,1000.0,2028-07-05,8
RU000A10BZT3,БинФарм1P6,A,2.0616,1037.69,15.2436,19.5,1000.0,2028-06-22,8
RU000A10C055,ВТБС1-1551,AAA,4.1533,560.39,14.976,0.01,1000.0,2030-07-26,8
RU000A10C097,ВТБС1-1555,AAA,4.2437,545.08,15.3853,0.01,1000.0,2030-08-28,8
RU000A10C0A1,ВТБС1-1556,AAA,4.2245,550.38,15.211,0.01,1000.0,2030-08-21,8
RU000A10C1N2,ИАДОМ 1P55,AAA,29.911,744.7977,18.1085,0.0,735.53,2056-04-28,8
RU000A10C1P7,ИАДОМ 1P57,AAA,29.911,944.4544,4.3816,0.0,944.36,2056-04-28,8
RU000A10C2E9,Аэрфью2Р05,A,1.1143,1052.95,18.1829,19.75,1000.0,2027-07-12,8
RU000A10C2L4,СэтлГрБ2P6,A-,3.0664,1033.05,16.8499,19.5,1000.0,2029-06-24,8
RU000A10C2R1,Виллин1P2,BB-,4.1068,427.83,81.7235,22.0,1000.0,2030-07-09,8
RU000A10C3B3,БДеньг-3P1,BB,3.0719,1093.69,25.7824,27.0,1000.0,2029-06-26,8
RU000A10C3F4,Сплит ПВ-1,AAA,3.332,1008.01,16.5669,16.5,1000.0,2029-09-29,8
RU000A10C3N8,МИРРИКО1P3,BBB-,2.089,993.91,26.0707,22.5,1000.0,2028-07-02,8
RU000A10C3P3,МИРРИКО1P4,BBB-,2.089,851.25,33.6149,19.5,1000.0,2028-07-02,8
RU000A10C4E5,ВТБС1-1571,AAA,4.2245,554.08,15.0136,0.01,1000.0,2030-08-21,8
RU000A10C4P1,ВТБС1-1580,AAA,5.1691,450.5,16.6894,0.01,1000.0,2031-08-01,8
RU000A10C5B8,Денум 1Р1,BB-,2.0999,1047.5,27.8738,27.0,1000.0,2028-07-06,8
RU000A10C5J1,ТАЛАНФБ1P4,BBB-,2.0999,945.61,3.1658,0.0,1000.0,2028-07-06,8
RU000A10C5L7,Селигдар4Р,A+,1.6071,1058.11,16.6123,19.0,1000.0,2028-01-08,8
RU000A10C5P8,ПИР 1P4,BB,2.1027,1045.13,29.4696,28.5,1000.0,2028-07-07,8
RU000A10C5T0,ГИДРОМАШ04,A,9.0842,1029.72,15.5642,17.0,1000.0,2035-07-01,8
RU000A10C5U8,ГИДРОМАШ05,A,9.0842,1011.71,18.5529,17.75,1000.0,2035-07-01,8
RU000A10C5Y0,ИКС5Фи3P13,AAA,9.0979,1017.18,13.2582,14.1,1000.0,2035-07-06,8
RU000A10C618,Магнит4P08,AA+,1.2841,1025.12,13.9684,14.95,1000.0,2027-09-12,8
RU000A10C626,Роделен2P4,BBB,2.1054,822.1989,2.953,0.0,866.8,2028-07-08,8
RU000A10C634,ВИС Ф БП09,A+,2.1054,1038.55,16.2853,17.0,1000.0,2028-07-08,8
RU000A10C667,СберИОС748,AAA,4.2793,763.3,6.5071,0.01,1000.0,2030-09-10,8
RU000A10C6C4,ГПБФин1Р4,AA+,1.1773,999.24,0.816,0.0,1000.0,2027-08-04,8
RU000A10C6F7,sГТЛК 2P-9,AA-,3.0938,1017.31,17.3264,16.75,1000.0,2029-07-04,8
RU000A10C6L5,Атомэнпр07,AAA,4.1342,1033.43,14.4824,14.35,1000.0,2030-07-19,8
RU000A10C6M3,Уралкуз1Р1,A-,1.1225,1039.58,17.84,20.0,1000.0,2027-07-15,8
RU000A10C6P6,АФБАНК1Р15,AA,2.1081,1053.61,15.0008,16.75,1000.0,2028-07-09,8
RU000A10C6Q4,СберИОС749,AAA,2.3025,852.1,7.2232,0.01,1000.0,2028-09-18,8
RU000A10C6S0,ВЭБ2Р-53,AAA,2.152,1010.54,0.2337,0.0,1000.0,2028-07-25,8
RU000A10C6U6,МГКЛ-1P8,BB-,4.0876,1045.09,26.8065,25.5,1000.0,2030-07-02,8
RU000A10C6W2,Абрау2P-01,A+,0.6379,1014.92,14.4249,15.5,1000.0,2027-01-19,8
RU000A10C6Y8,ЛЕГЕНДА2P5,BBB,1.1307,995.36,1.3035,0.0,1000.0,2027-07-18,8
RU000A10C6Z5,ЛЕГЕНДА2P4,BBB,1.1307,1020.79,20.1581,20.25,1000.0,2027-07-18,8
RU000A10C725,МЕТИН2P01,AA,2.1164,999.48,0.1946,0.0,1000.0,2028-07-12,8
RU000A10C741,Кокс01Р4,BBB+,2.1191,976.2,28.635,21.0,1000.0,2028-07-13,8
RU000A10C758,РКС2Р6,BBB,2.1191,1008.78,27.7106,25.0,1000.0,2028-07-13,8
RU000A10C7C2,iЭдьюкейшн,BBB,2.1218,1000.39,21.8944,19.75,1000.0,2028-07-14,8
RU000A10C7E8,ГПБ004Р24,AA+,1.2074,996.08,0.343,0.01,1000.0,2027-08-15,8
RU000A10C873,СКСЛомбБ01,BBB,2.1246,1034.88,30.0421,28.5,1000.0,2028-07-15,8
RU000A10C8C0,РЖД 1Р-44R,AAA,2.6995,1009.29,14.4807,13.95,1000.0,2029-02-10,8
RU000A10C8F3,Брус 2Р04,A-,2.1465,1018.59,23.6372,21.5,1000.0,2028-07-23,8
RU000A10C8H9,ОилРес1P2,BBB-,4.0986,970.94,33.7337,28.0,1000.0,2030-07-06,8
RU000A10C8J5,ИАДОМ 1P56,AAA,29.577,734.419,13.5167,8.4,851.45,2055-12-28,8
RU000A10C8K3,ВОКСИС-04,BBB+,0.4025,1011.84,18.5179,20.0,1000.0,2026-10-25,8
RU000A10C8M9,ММЗ001P-03,B+,2.1273,1012.88,23.1513,22.5,1000.0,2028-07-16,8
RU000A10C8S6,Сбер SbD8R,AAA,4.1862,569.6,18.0424,0.0,1000.0,2030-08-07,8
RU000A10C8T4,СибурХ1Р07,AAA,2.7023,1019.31,14.0532,13.95,1000.0,2029-02-11,8
RU000A10C9Z9,УПТК65 1P1,BB,4.1095,981.43,26.3592,23.0,1000.0,2030-07-10,8
RU000A10CAQ0,АЛЬФАДОНБ1,B+,4.115,760.35,54.4758,28.0,1000.0,2030-07-12,8
RU000A10CAU2,ГПБ004Р25,AA+,2.2642,918.07,3.8639,0.01,1000.0,2028-09-04,8
RU000A10CB66,Сегежа3P6R,BB-,1.6537,1010.03,26.6907,23.5,1000.0,2028-01-25,8
RU000A10CBA2,Сбер SbD9R,AAA,4.3313,565.9,17.8471,0.0,1000.0,2030-09-29,8
RU000A10CC08,СберИОС750,AAA,2.3326,927.0,3.3188,0.01,1000.0,2028-09-29,8
RU000A10CC24,РусГид2Р07,AAA,2.1547,1019.69,14.0075,13.85,1000.0,2028-07-26,8
RU000A10CC32,БалтЛизП19,AA-,2.2423,998.31,19.7153,17.0,1000.0,2028-08-27,8
RU000A10CC99,МБЭС 2P-04,AAA,9.0623,1018.73,14.9898,14.65,1000.0,2035-06-23,8
RU000A10CCB8,СЗА БО-03,BB-,2.1574,1015.94,28.1086,25.0,1000.0,2028-07-27,8
RU000A10CCG7,iКарРус1P7,BBB+,1.1718,955.0,26.6656,18.25,1000.0,2027-08-02,8
RU000A10CCL7,ГПБ004Р26,AA+,1.2621,985.07,1.2169,0.01,1000.0,2027-09-04,8
RU000A10CCN3,О'КЕЙ Б1Р8,A-,2.1602,1012.45,17.7056,16.9,1000.0,2028-07-28,8
RU000A10CCU8,СбКИБ1P181,AAA,6.4449,451.8,18.8219,0.0,1000.0,2032-11-09,8
RU000A10CCW4,СбКИБ1P183,AAA,6.6201,447.3,18.6598,0.0,1000.0,2033-01-12,8
RU000A10CCZ7,СбКИБ1P186,AAA,6.7379,458.9,17.4951,0.0,1000.0,2033-02-24,8
RU000A10CDX0,ЭконЛиз2Р1,BBB-,2.1958,1012.85,22.3245,22.0,1000.0,2028-08-10,8
RU000A10CDZ5,РЖД 1Р-45R,AAA,3.0664,1010.75,14.6229,13.85,1000.0,2029-06-24,8
RU000A10CF13,ВТБС1-1614,AAA,4.8569,473.67,15.2294,0.01,1000.0,2031-04-09,8
RU000A10CF39,ВТБС1-1616,AAA,4.2628,548.98,15.1184,0.01,1000.0,2030-09-04,8
RU000A10CF54,ВТБС1-1618,AAA,4.282,539.38,15.5213,0.01,1000.0,2030-09-11,8
RU000A10CF88,ГПБ006Р01P,AA+,4.2382,574.8,17.375,0.0,1000.0,2030-08-26,8
RU000A10CFK2,ТБ-4_А1,AAA,6.3929,1007.06,16.7984,16.0,1000.0,2032-10-21,8
RU000A10CH03,Эфферон1Р1,BB,2.2149,1006.53,23.8058,22.0,1000.0,2028-08-17,8
RU000A10CH37,Денум 1Р2,BB-,2.1821,1029.57,25.959,24.5,1000.0,2028-08-05,8
RU000A10CHS1,АЛЬФАБ1Р29,BBB,4.7721,850.13,3.4724,0.01,1000.0,2031-03-09,8
RU000A10CHX1,МГКЛ-G01,BB-,2.1848,10832.7929,12.3566,14.0,10382.97,2028-08-06,8
RU000A10CJ84,СибСтекБ02,BB-,2.193,978.58,31.5173,24.5,1000.0,2028-08-09,8
RU000A10CJ92,ПР-Лиз 2P3,BBB+,9.0951,987.48,23.7538,20.0,1000.0,2035-07-05,8
RU000A10CKS5,АлфФб ПК1,AAA,5.0842,621.4375,17.6639,16.0,622.35,2031-07-01,8
RU000A10CKT3,ОФЗ 26251,AAA,4.2437,895.22,14.0263,9.5,1000.0,2030-08-28,0
RU000A10CKY3,ЛСР БО1Р11,A,2.1985,1014.75,16.2062,16.0,1000.0,2028-08-11,8
RU000A10CKZ0,ЕврХол3P04,AA,1.7057,1004.73,14.709,13.9,1000.0,2028-02-13,8
RU000A10CL07,Магнит4P09,AA+,1.2129,1004.08,13.785,13.3,1000.0,2027-08-17,8
RU000A10CL49,СберИОС752,AAA,2.3901,903.6,3.9403,0.01,1000.0,2028-10-20,8
RU000A10CL56,СберИОС753,AAA,2.371,887.0,5.2045,0.01,1000.0,2028-10-13,8
RU000A10CLD5,МСБЛиз3P06,BBB-,3.1869,1029.34,22.4449,23.0,1000.0,2029-08-07,8
RU000A10CLT1,СФОРЛО-2 А,BBB,4.23,933.2224,25.9797,24.0,893.7,2030-08-23,8
RU000A10CLX3,УралСт1Р05,BB-,1.7112,937.05,25.7851,18.5,1000.0,2028-02-15,8
RU000A10CLZ8,Л-Старт 01,B,3.2334,1000.29,33.8027,30.0,1000.0,2029-08-24,8
RU000A10CM06,АПРИ 2Р11,BBB-,2.204,1000.49,28.6949,25.0,1000.0,2028-08-13,8
RU000A10CM14,Росинтер01,BB,2.2368,986.29,29.4486,25.5,1000.0,2028-08-25,8
RU000A10CM22,ДОМ 2P6,AAA,0.742,1035.42,3.1252,0.0,1000.0,2027-02-26,8
RU000A10CM71,iАйдеко 01,BB-,2.2478,1019.0,25.8142,27.0,1000.0,2028-08-29,8
RU000A10CMD3,РостелP19R,AAA,1.3936,1007.39,14.149,13.3,1000.0,2027-10-22,8
RU000A10CMQ5,НовТех1Р8,A-,1.232,1018.23,16.709,17.0,1000.0,2027-08-24,8
RU000A10CMT9,ЯНДЕКС1Р2,AAA,1.7413,1017.32,13.7767,13.5,1000.0,2028-02-26,8
RU000A10CN62,ЮСВ 1Р1,BBB-,2.2231,993.4,0.8707,0.0,1000.0,2028-08-20,8
RU000A10CN88,ВТБС1-1641,AAA,4.8761,544.7,13.2796,0.01,1000.0,2031-04-16,8
RU000A10CNB5,ВТБС1-1643,AAA,4.8953,554.1,12.8292,0.01,1000.0,2031-04-23,8
RU000A10CNG4,ВТБС1-1648,AAA,4.4298,537.8,15.0416,0.01,1000.0,2030-11-04,8
RU000A10CP78,ПСБ 4P-01,AAA,2.2669,1028.05,14.2253,14.25,1000.0,2028-09-05,8
RU000A10CPB0,ЭлАп БО-03,BB-,4.2628,1173.95,17.5776,21.0,1000.0,2030-09-04,8
RU000A10CQ77,КАМАЗ БП16,A,1.2567,1011.09,15.9659,14.9,1000.0,2027-09-02,8
RU000A10CQ85,МТС 1P-29,AAA,4.2136,1013.62,13.9158,14.0,1000.0,2030-08-17,8
RU000A10CQ93,КАМАЗ БП17,A,1.2567,985.09,2.1106,0.0,1000.0,2027-09-02,8
RU000A10CQE2,ВТБЛИЗ 1Р3,AA,2.2423,854.66,15.0285,15.5,834.0,2028-08-27,8
RU000A10CQG7,ГПБ006Р02P,AA+,4.3203,565.6,17.7763,0.0,1000.0,2030-09-25,8
RU000A10CQH5,ГПБ004Р28,AA+,2.3326,880.07,5.6467,0.01,1000.0,2028-09-29,8
RU000A10CQJ1,ГПБ004Р29,AA+,2.3326,836.07,7.9969,0.01,1000.0,2028-09-29,8
RU000A10CQZ7,СберИОС757,AAA,2.4093,977.6,0.6426,0.01,1000.0,2028-10-27,8
RU000A10CR50,ГТЛК 2P-10,AA-,2.2505,981.7,1.1868,0.0,1000.0,2028-08-30,8
RU000A10CR92,КВАЗАРЛ-01,B,2.2533,789.98,27.7785,25.0,777.76,2028-08-31,8
RU000A10CRB6,Кокс01Р6,BBB+,2.2533,974.87,26.2043,20.5,1000.0,2028-08-31,8
RU000A10CRG5,ФеррумБП2,BB-,2.4203,973.44,30.0622,23.0,1000.0,2028-10-31,8
RU000A10CRJ9,ЦР БО-05,C,2.256,807.63,49.4953,25.0,1000.0,2028-09-01,8
RU000A10CRP6,Байсэл 1Р3,BB-,3.0527,1051.61,24.6982,23.0,1000.0,2029-06-19,8
RU000A10CS75,Аэрофл2Б02,AA,4.2327,1000.96,0.1641,0.0,1000.0,2030-08-24,8
RU000A10CS83,Органик1Р2,BB+,2.2615,1029.43,22.5892,21.75,1000.0,2028-09-03,8
RU000A10CS91,Росагрл2Р4,AA-,2.36,993.52,0.4325,0.0,1000.0,2028-10-09,8
RU000A10CSA6,АЛЬЯНС 1P8,BBB-,2.2615,1001.04,24.7246,22.0,1000.0,2028-09-03,8
RU000A10CSP4,Башкрт125,AA+,1.306,1015.52,13.7088,14.0,1000.0,2027-09-20,8
RU000A10CSQ2,НоваБев3Р1,AA,2.2697,1019.76,14.5095,14.5,1000.0,2028-09-06,8
RU000A10CSR0,ГЛАВСНАБ01,D,2.2697,325.57,166.1657,23.5,1000.0,2028-09-06,8
RU000A10CST6,СКСЛомбБ02,BBB,2.2697,1032.62,29.0816,27.0,1000.0,2028-09-06,8
RU000A10CSX8,ИКС5Фи3P14,AAA,9.2567,1007.82,0.2417,0.0,1000.0,2035-09-02,8
RU000A10CT09,ИнтелК Б01,B+,2.2724,925.22,26.2964,25.0,900.0,2028-09-07,8
RU000A10CT33,Атомэнпр08,AAA,4.2984,1060.99,14.3324,14.7,1000.0,2030-09-17,8
RU000A10CT41,РостелP20R,AAA,2.2724,1003.98,0.0706,0.0,1000.0,2028-09-07,8
RU000A10CT58,ДОМ 2P7,AAA,0.8104,1026.96,1.0418,0.0,1000.0,2027-03-23,8
RU000A10CT74,ФЕРА1Р1,BB+,2.2724,866.41,17.0043,21.0,850.0,2028-09-07,8
RU000A10CTB2,Агроэко1Р1,A,2.308,1008.03,1.0069,0.0,1000.0,2028-09-20,8
RU000A10CTG1,МИРРИКО1P5,BBB-,2.2779,1003.26,25.1764,22.5,1000.0,2028-09-09,8
RU000A10CTJ5,БЭЛТИ БОП8,BB-,3.2635,1028.58,25.2808,24.0,1000.0,2029-09-04,8
RU000A10CTK3,РОССИЯ1Р1,AA-,0.3066,1003.88,15.3701,0.0,1000.0,2026-09-20,8
RU000A10CTP2,СберИОС759,AAA,4.4517,899.1,2.4335,0.01,1000.0,2030-11-12,8
RU000A10CU30,Патриот1Р2,BBB,2.2806,1001.32,25.7678,22.0,1000.0,2028-09-10,8
RU000A10CU48,Систем2P04,AA-,3.2663,1039.79,16.3174,17.0,1000.0,2029-09-05,8
RU000A10CU55,Систем2P05,AA-,1.295,996.44,0.6158,0.0,1000.0,2027-09-16,8
RU000A10CU89,iСелктл1Р6,A+,1.7878,1030.4,14.3433,15.4,1000.0,2028-03-14,8
RU000A10CU97,ЛТрейд1P12,BBB-,4.2519,1041.47,23.8053,23.0,1000.0,2030-08-31,8
RU000A10CUB0,БинФарм2P1,A,1.0486,1004.71,0.0,0.0,1000.0,2027-06-18,8
RU000A10CUF1,ТАЛК002P03,BBB,3.2745,991.49,24.9774,20.0,1000.0,2029-09-08,8
RU000A10CV39,ГПБ004Р30,AA+,2.3765,866.06,6.2552,0.01,1000.0,2028-10-15,8
RU000A10CW87,РКСЭталон6,AAA,6.5133,721.8903,16.4643,18.0,693.32,2032-12-04,8
RU000A10CWF7,ПГК3Р01,AA,2.2916,1031.46,15.1204,15.75,1000.0,2028-09-14,8
RU000A10CX86,СбКИБ1P325,AAA,0.4134,30.1,9853.4855,0.0,1000.0,2026-10-29,8
RU000A10CXA6,СбКИБ1P327,AAA,0.4079,24.4,11725.3018,0.0,1000.0,2026-10-27,8
RU000A10CXC2,СбКИБ1P329,AAA,1.4839,931.0,5.0782,0.0,1000.0,2027-11-24,8
RU000A10CXR0,СбКИБ1P342,AAA,2.8008,911.0,3.4891,0.0,1000.0,2029-03-19,8
RU000A10CXS8,СбКИБ1P343,AAA,3.0116,884.0,4.3581,0.0,1000.0,2029-06-04,8
RU000A10CXT6,СбКИБ1P344,AAA,1.3142,906.0,7.906,0.0,1000.0,2027-09-23,8
RU000A10CY10,СбКИБ1P352,AAA,0.3587,969.0,8.9823,0.0,1000.0,2026-10-09,8
RU000A10CYH9,СбКИБ1P368,AAA,2.0917,998.0,0.0959,0.0,1000.0,2028-07-03,8
RU000A10CZ35,ТЛК 1Р4,BB-,2.2971,996.87,25.642,24.0,1000.0,2028-09-16,8
RU000A10CZ43,ИЭКХолд1Р4,A-,1.3114,991.32,0.5228,0.0,1000.0,2027-09-22,8
RU000A10CZA1,СамолетP20,A-,0.3285,990.06,27.8275,21.25,1000.0,2026-09-28,8
RU000A10CZB9,ЕвроТранс8,C,4.271,591.25,57.7526,21.0,1000.0,2030-09-07,8
RU000A10CZC7,Аэрфью2Р06,A,1.3443,1050.1,17.9547,18.25,1000.0,2027-10-04,8
RU000A10CZD5,СбКИБ1P250,AAA,2.694,995.7,0.1604,0.0,1000.0,2029-02-08,8
RU000A10CZF0,СбКИБ1P252,AAA,2.694,997.7,0.0856,0.0,1000.0,2029-02-08,8
RU000A10CZH6,СбКИБ1P254,AAA,2.7817,993.0,0.2535,0.0,1000.0,2029-03-12,8
RU000A10CZM6,СбКИБ1P258,AAA,2.7817,1000.0,0.0,0.0,1000.0,2029-03-12,8
RU000A10CZN4,СбКИБ1P259,AAA,2.7817,988.5,0.4184,0.0,1000.0,2029-03-12,8
RU000A10CZP9,СбКИБ1P260,AAA,2.8583,984.5,0.551,0.0,1000.0,2029-04-09,8
RU000A10CZQ7,СбКИБ1P261,AAA,2.8583,991.9,0.2858,0.0,1000.0,2029-04-09,8
RU000A10CZR5,СбКИБ1P262,AAA,2.8802,979.8,0.716,0.0,1000.0,2029-04-17,8
RU000A10CZW5,СбКИБ1P267,AAA,2.9076,990.1,0.344,0.0,1000.0,2029-04-27,8
RU000A10CZX3,СбКИБ1P268,AAA,2.9925,994.4,0.1882,0.0,1000.0,2029-05-28,8
RU000A10CZY1,СбКИБ1P269,AAA,2.9624,988.4,0.3963,0.0,1000.0,2029-05-17,8
RU000A10D012,СбКИБ1P272,AAA,2.9925,998.0,0.067,0.0,1000.0,2029-05-28,8
RU000A10D020,СбКИБ1P273,AAA,2.8857,992.0,0.2795,0.0,1000.0,2029-04-19,8
RU000A10D053,СбКИБ1P276,AAA,3.0746,992.2,0.2557,0.0,1000.0,2029-06-27,8
RU000A10D061,СбКИБ1P277,AAA,3.1567,984.0,0.5152,0.0,1000.0,2029-07-27,8
RU000A10D087,СбКИБ1P279,AAA,0.3368,20.0,14659.8361,0.0,1000.0,2026-10-01,8
RU000A10D0B8,СбКИБ1P282,AAA,0.5832,21.8,8226.3576,0.0,1000.0,2026-12-30,8
RU000A10D0C6,СбКИБ1P283,AAA,0.3176,20.0,15552.1739,0.0,1000.0,2026-09-24,8
RU000A10D0D4,СбКИБ1P284,AAA,0.5667,22.9,6910.1942,0.0,1000.0,2026-12-24,8
RU000A10D0E2,СбКИБ1P285,AAA,0.3559,16.5,16865.2807,0.0,1000.0,2026-10-08,8
RU000A10D0F9,СбКИБ1P286,AAA,0.5476,22.7,7153.2663,0.0,1000.0,2026-12-17,8
RU000A10D0K9,СбКИБ1P290,AAA,3.2416,989.5,0.3274,0.0,1000.0,2029-08-27,8
RU000A10D1H3,РЖД 1Р-46R,AAA,2.4093,1009.24,17.2929,16.06,1000.0,2028-10-27,8
RU000A10D1J9,ЭЛРЕШ 1Р2,BBB,1.3251,1017.56,24.8825,22.5,1000.0,2027-09-27,8
RU000A10D1U6,Бустер Б01,BB-,2.3162,1044.85,25.1417,24.5,1000.0,2028-09-23,8
RU000A10D1W2,Мегафн2Р10,AAA,1.4127,1008.45,0.1634,0.0,1000.0,2027-10-29,8
RU000A10D2N9,СибСтекБ03,BB-,2.319,992.91,29.5286,24.25,1000.0,2028-09-24,8
RU000A10D2R0,СберИОС764,AAA,2.4723,968.0,1.3377,0.01,1000.0,2028-11-19,8
RU000A10D2V2,ГПБ004Р31,AA+,2.4175,863.06,6.2981,0.01,1000.0,2028-10-30,8
RU000A10D2Y6,УралСт1Р06,BB-,1.8344,979.46,25.174,20.5,1000.0,2028-03-31,8
RU000A10D3C0,РусГид2Р08,AAA,2.3299,1059.79,13.7069,15.45,1000.0,2028-09-28,8
RU000A10D3G1,ГТЕК БО-01,BBB,2.3326,1142.25,16.3243,22.0,1000.0,2028-09-29,8
RU000A10D3J5,ПочтаР3P01,AA,1.8371,1046.0,16.2434,17.2,1000.0,2028-04-01,8
RU000A10D3K3,ПочтаР3P02,AA,1.8371,1001.81,0.5169,0.0,1000.0,2028-04-01,8
RU000A10D3P2,ЮУЛЦ 1Р1,BB,2.3326,1036.35,24.3104,24.0,1000.0,2028-09-29,8
RU000A10D3R8,СтанкоМаш1,BB,2.3655,984.83,29.7276,23.75,1000.0,2028-10-11,8
RU000A10D3S6,Селигдар6Р,A+,1.8398,1054.84,16.7924,18.5,1000.0,2028-04-02,8
RU000A10D3T4,СЗА БО-04,BB-,2.3326,996.92,13.3876,24.5,1000.0,2028-09-29,8
RU000A10D3Z1,АЛЬФАБ1Р34,BBB,4.6708,507.13,11.806,0.01,1000.0,2031-01-31,8
RU000A10D491,ГПБ006Р03P,AA+,4.4162,587.1,16.5315,0.0,1000.0,2030-10-30,8
RU000A10D4D6,Амур 31002,A+,1.3799,1059.11,14.258,16.75,1000.0,2027-10-17,8
RU000A10D4E4,Векус01,B+,2.3381,1030.22,26.778,27.0,1000.0,2028-10-01,8
RU000A10D4M7,СберИОС765,AAA,2.5024,973.2,0.7414,0.01,1000.0,2028-11-30,8
RU000A10D4S4,ПЭТ 1Р1,B,2.3491,1045.57,26.5748,26.0,1000.0,2028-10-05,8
RU000A10D4V8,АйДиКол1P6,BBB-,3.3347,1027.93,22.8193,22.5,1000.0,2029-09-30,8
RU000A10D4Y2,ОФЗ 26252,AAA,7.3676,939.24,14.6656,12.5,1000.0,2033-10-12,0
RU000A10D4Z9,ОФЗ 29028,AAA,13.3936,968.38,17.1453,0.0,1000.0,2039-10-22,0
RU000A10D517,ОФЗ 26253,AAA,12.3504,940.83,14.7816,13.0,1000.0,2038-10-06,0
RU000A10D525,ОФЗ 29029,AAA,15.3949,965.37,17.1866,0.0,1000.0,2041-10-22,0
RU000A10D533,ОФЗ 26254,AAA,14.3436,936.93,14.7808,13.0,1000.0,2040-10-03,0
RU000A10D5F8,СовкомБИ07,AA,0.4189,916.26,25.4267,0.01,1000.0,2026-10-31,8
RU000A10D5H4,СинСекью_А,AAA,3.4059,1060.84,57.9973,16.5,1000.0,2029-10-26,8
RU000A10D616,БалтЛизП20,AA-,2.4531,1016.38,19.5404,18.75,1000.0,2028-11-12,8
RU000A10D665,РДВ ТЕХ 02,B+,3.8823,929.4,36.514,25.0,1000.0,2030-04-18,8
RU000A10D681,ВТБ Б1-383,AAA,0.449,975.2,5.8082,0.01,1000.0,2026-11-11,8
RU000A10D699,ВТБ Б1-384,AAA,0.4873,958.3,7.2785,0.01,1000.0,2026-11-25,8
RU000A10D6L4,ГПБ004Р33,AA+,2.4942,759.75,11.6661,0.01,1000.0,2028-11-27,8
RU000A10D830,СбКИБ1P385,AAA,0.5038,981.0,3.863,0.0,1000.0,2026-12-01,8
RU000A10D8C9,СбКИБ1P394,AAA,0.6735,983.0,2.5765,0.0,1000.0,2027-02-01,8
RU000A10D8E5,СбКИБ1P396,AAA,0.731,969.0,4.3898,0.0,1000.0,2027-02-22,8
RU000A10D8H8,СбКИБ1P399,AAA,0.7611,980.0,2.6892,0.0,1000.0,2027-03-05,8
RU000A10D8J4,СбКИБ1P400,AAA,0.2601,993.0,2.7372,0.0,1000.0,2026-09-03,8
RU000A10D8M8,СбКИБ1P403,AAA,0.7912,979.0,2.7185,0.0,1000.0,2027-03-16,8
RU000A10D939,СбКИБ1P419,AAA,0.9802,966.0,3.5985,0.0,1000.0,2027-05-24,8
RU000A10D988,СбКИБ1P424,AAA,0.6598,977.0,3.5803,0.0,1000.0,2027-01-27,8
RU000A10D9J2,sВЭБ2Р-52,AAA,3.3977,1015.33,0.0118,0.0,1000.0,2029-10-23,8
RU000A10D9K0,АФБАНК1Р16,AA,1.7084,1040.45,15.1365,16.65,1000.0,2028-02-14,8
RU000A10DA41,ВИС Ф БП10,A+,2.3682,983.3,0.8446,0.0,1000.0,2028-10-12,8
RU000A10DA74,ЭталонФин4,BBB+,1.4483,994.82,23.167,20.0,1000.0,2027-11-11,8
RU000A10DAU0,СберИОС770,AAA,2.486,989.0,0.4583,0.01,1000.0,2028-11-24,8
RU000A10DB16,ОилРес1P3,BBB-,4.3422,923.37,32.5824,29.0,1000.0,2030-10-03,8
RU000A10DBA0,ГПБ-СПК А2,AA+,7.4908,800.3881,15.7037,16.5,789.91,2033-11-26,8
RU000A10DBD4,Ульоб34011,BBB,2.3244,1070.11,15.5513,17.5,1000.0,2028-09-26,8
RU000A10DBF9,СберИОС772,AAA,2.5407,948.1,2.1334,0.01,1000.0,2028-12-14,8
RU000A10DBH5,ВОСТКОЙЛ-1,B-,2.3737,949.9,34.9355,27.0,1000.0,2028-10-14,8
RU000A10DBM5,ТБ-5_01,AAA,4.0657,1035.87,16.9079,17.3,1000.0,2030-06-24,8
RU000A10DBS2,ЭНИКА 1Р07,BBB,4.3477,965.72,27.7656,23.0,1000.0,2030-10-05,8
RU000A10DBV6,Уралкуз1Р3,A-,1.3908,1034.59,18.401,20.0,1000.0,2027-10-21,8
RU000A10DC15,АВТОБФ БП7,A+,5.3881,1007.3,19.224,18.0,1000.0,2031-10-20,8
RU000A10DC80,ВТБС1-1687,AAA,5.0431,514.6,14.0911,0.01,1000.0,2031-06-16,8
RU000A10DCE0,МКАОВокс01,BBB+,1.3936,1032.73,20.189,21.0,1000.0,2027-10-22,8
RU000A10DCF7,Новотр 2Р1,AA-,2.3792,1030.62,15.5047,16.0,1000.0,2028-10-16,8
RU000A10DCK7,АБЗ-1 2Р04,A-,2.3792,1041.9,18.0267,19.5,1000.0,2028-10-16,8
RU000A10DCM3,СамолетP21,A-,2.5435,39008.42,26.9896,13.0,50000.0,2028-12-15,8
RU000A10DD30,СБСекр3А1,AAA,8.4052,735.5422,16.0891,16.5,726.27,2034-10-26,8
RU000A10DD97,Росинтер02,BB,2.4367,978.57,31.4544,24.0,1000.0,2028-11-06,8
RU000A10DDA6,СберИОС773,AAA,2.5791,952.7,1.9388,0.01,1000.0,2028-12-28,8
RU000A10DDG3,Динтег01,B-,2.4066,1025.24,30.3618,28.0,1000.0,2028-10-26,8
RU000A10DDT6,Сульфур1P2,B,3.4387,982.84,33.5233,28.0,1000.0,2029-11-07,8
RU000A10DEE6,Байсэл 1Р4,BB-,3.1951,1028.05,23.0734,25.25,1000.0,2029-08-10,8
RU000A10DEM9,СтройДор01,BBB+,0.4435,1019.73,18.2139,20.5,1000.0,2026-11-09,8
RU000A10DEN7,ТомОб34075,BBB,2.5188,1040.83,15.2129,16.2,1000.0,2028-12-06,8
RU000A10DF38,РКСЭталон7,AAA,6.5161,743.3614,15.281,17.8,715.35,2032-12-05,8
RU000A10DFJ2,РСХБ2Р31,AA,0.4709,1002.17,16.666,0.0,1000.0,2026-11-19,8
RU000A10DFL8,ГПБ004Р34,AA+,2.5791,704.74,14.5465,0.01,1000.0,2028-12-28,8
RU000A10DG52,МоторТ2Р01,BB-,4.4517,869.99,33.4969,25.0,1000.0,2030-11-12,8
RU000A10DG60,Новосиб 27,AA-,3.3703,1041.82,14.5356,15.1,1000.0,2029-10-13,8
RU000A10DG78,АдвТрак1Р1,BB-,4.397,1033.06,26.9266,25.0,1000.0,2030-10-23,8
RU000A10DG86,ТрансКо2P2,AA-,2.4257,986.95,0.9105,0.0,1000.0,2028-11-02,8
RU000A10DHT7,ДелЛиз1Р3,AA-,2.4285,1031.45,16.3048,17.15,1000.0,2028-11-03,8
RU000A10DHX9,Инаркт2Р4,A+,2.4285,1046.97,14.5272,15.75,1000.0,2028-11-03,8
RU000A10DJ00,БорецК1Р04,A-,1.4565,1004.37,0.0275,0.0,1000.0,2027-11-14,8
RU000A10DJ18,БорецК1Р03,A-,1.9493,1041.63,17.0498,18.0,1000.0,2028-05-12,8
RU000A10DJA3,НижгорОб17,A,2.5133,1011.89,17.5,16.65,1000.0,2028-12-04,8
RU000A10DJH8,ПКТ 2P1,AA-,3.4606,1052.46,14.9371,15.99,1000.0,2029-11-15,8
RU000A10DJM8,АквилонЛP4,BBB-,2.4668,848.09,23.0454,22.0,840.0,2028-11-17,8
RU000A10DJP1,ВТБ Б1-385,AAA,2.4668,1002.07,0.0935,0.0,1000.0,2028-11-17,8
RU000A10DJR7,РЖД 1Р-49R,AAA,9.4921,999.36,17.2092,15.98,1000.0,2035-11-27,8
RU000A10DJS5,СЗА БО-05,BB-,2.4339,1009.38,28.7048,25.5,1000.0,2028-11-05,8
RU000A10DLC5,АСВ 1Р04,BB+,2.4476,1084.48,23.5171,25.0,1000.0,2028-11-10,8
RU000A10DLN2,Финэква1Р1,BB,3.436,1042.0,24.8068,24.0,1000.0,2029-11-06,8
RU000A10DLP7,ДФЮгр34002,BBB,2.4914,1018.91,14.1504,14.8,1000.0,2028-11-26,8
RU000A10DLY9,Л-Старт 02,B,3.4798,991.25,32.4103,31.0,1000.0,2029-11-22,8
RU000A10DM21,СберИОС775,AAA,2.6201,954.8,1.7939,0.01,1000.0,2029-01-12,8
RU000A10DM39,СберИОС776,AAA,0.0411,1043.0,21.0787,10.0,1000.0,2026-06-15,8
RU000A10DMD1,ВТБ Б1-386,AAA,0.5257,997.4,0.518,0.01,1000.0,2026-12-09,8
RU000A10DME9,ВТБ Б1-387,AAA,0.5448,969.6,5.8756,0.01,1000.0,2026-12-16,8
RU000A10DMF6,ВТБ Б1-388,AAA,0.5722,905.1,16.2198,0.01,1000.0,2026-12-26,8
RU000A10DMN0,реСтор1Р2,A-,1.4757,1020.15,18.7497,18.85,1000.0,2027-11-21,8
RU000A10DMP5,ГПБ006Р04P,AA+,4.5448,556.5,17.5551,0.0,1000.0,2030-12-16,8
RU000A10DMS9,ЯНАО34005,AA+,2.5051,1010.15,17.0098,16.0,1000.0,2028-12-01,8
RU000A10DNX7,Сплит ПВ-2,AAA,3.6687,1023.12,16.5535,17.3,1000.0,2030-01-30,8
RU000A10DP93,КАМАЗ БП18,A,1.4784,1022.4,16.2436,16.5,1000.0,2027-11-22,8
RU000A10DPB8,КАМАЗ БП19,A,1.4784,992.85,0.5117,0.0,1000.0,2027-11-22,8
RU000A10DPJ1,ГрупПроБ02,BB-,2.4668,991.68,28.5923,25.0,1000.0,2028-11-17,8
RU000A10DPS2,Атомэнпр09,AAA,4.9938,1087.92,14.378,15.1,1000.0,2031-05-29,8
RU000A10DPT0,Реиннол1P4,BB-,4.4956,964.42,32.4441,24.0,1000.0,2030-11-28,8
RU000A10DPW4,sСистем2P6,AA-,1.9767,1038.8,16.545,17.75,1000.0,2028-05-22,8
RU000A10DQ19,ГПБ004Р35,AA+,0.5722,945.04,14.6504,0.01,1000.0,2026-12-26,8
RU000A10DQ68,СелоЗ1Р-2,A,1.4867,1033.11,16.8253,17.25,1000.0,2027-11-25,8
RU000A10DQL5,МЕТИН2P03,AA,4.5065,1011.31,0.0044,0.0,1000.0,2030-12-02,8
RU000A10DQM3,ЦР БО-06,C,3.4661,814.01,46.0878,25.0,1000.0,2029-11-17,8
RU000A10DRE8,Бустер Б02,BB-,2.486,1040.15,25.0009,24.25,1000.0,2028-11-24,8
RU000A10DRV2,ЗОнлайнБ01,B,2.486,1019.22,28.1322,26.5,1000.0,2028-11-24,8
RU000A10DRX8,ЗООПТБ01,BB,2.4887,1086.22,22.2885,24.0,1000.0,2028-11-25,8
RU000A10DRZ3,СолСАТЛ02,B+,4.46,1081.28,24.7959,26.0,1000.0,2030-11-15,8
RU000A10DS66,АЛЬФАБ2Р30,BBB,1.024,1018.95,14.0745,14.5,1000.0,2027-06-09,8
RU000A10DS74,Сбер Sb51R,AAA,2.0096,1035.92,14.0139,14.85,1000.0,2028-06-03,8
RU000A10DS90,СберИОС777,AAA,2.6585,922.0,3.1154,0.01,1000.0,2029-01-26,8
RU000A10DSC0,ТБ-6_Б1,AA+,4.5941,1057.09,17.1605,18.0,1000.0,2031-01-03,8
RU000A10DSD8,ТБ-6_Б2,AA+,4.5941,1054.99,17.3731,18.0,1000.0,2031-01-03,8
RU000A10DSG1,Новосиб 28,AA-,2.5736,1019.58,17.114,16.4,1000.0,2028-12-26,8
RU000A10DSL1,ПГК3Р02,AA,4.4627,1025.51,16.2812,15.95,1000.0,2030-11-16,8
RU000A10DSU2,КЛВЗ 1P04,BB-,2.5325,1131.52,20.2266,23.5,1000.0,2028-12-11,8
RU000A10DSX6,ТАЛЬВЕН Б1,BBB,2.5325,998.01,27.0233,22.0,1000.0,2028-12-11,8
RU000A10DSY4,СовкоКап01,A+,3.4853,1037.79,18.4021,19.0,1000.0,2029-11-24,8
RU000A10DTB0,ЭЛТЕРА-01,BBB,1.5168,1062.86,17.8622,21.0,1000.0,2027-12-06,8
RU000A10DTF1,Селигдар8Р,A+,2.0096,1051.48,16.6381,18.0,1000.0,2028-06-03,8
RU000A10DTG9,ВТБЛИЗ 1Р4,AA,2.5024,949.294,15.2309,16.5,920.0,2028-11-30,8
RU000A10DTP0,ПИР 1P5,BB,1.5195,1020.08,29.5563,27.0,1000.0,2027-12-07,8
RU000A10DTQ8,МИРРИКО1P6,BBB-,2.5051,1015.28,23.9995,22.5,1000.0,2028-12-01,8
RU000A10DTS4,СовкмЛ П17,AA-,2.5051,1048.85,14.7781,16.0,1000.0,2028-12-01,8
RU000A10DTU0,ГЛАВСНАБ02,D,3.4908,219.67,259.6883,26.55,1000.0,2029-11-26,8
RU000A10DTW6,ПионЛизБО8,B,4.4764,1016.37,32.375,28.5,1000.0,2030-11-21,8
RU000A10DUQ6,БалтЛизП22,AA-,2.2861,1037.24,19.2069,20.0,1000.0,2028-09-12,8
RU000A10DWF5,Башкрт225,AA+,3.4935,1016.22,16.9264,16.25,1000.0,2029-11-27,8
RU000A10DWP4,ЦЕНТР-К 01,BB+,2.5079,1034.36,23.3109,22.5,1000.0,2028-12-02,8
RU000A10DWQ2,ТомОб34076,BBB,4.4901,1084.36,14.971,16.0,1000.0,2030-11-26,8
RU000A10DWW0,СамарОбл16,AA,2.5435,1047.11,14.635,15.1,1000.0,2028-12-15,8
RU000A10DXE6,АлфФб ПК2,AAA,5.0842,894.5602,11.6065,16.8,882.24,2031-07-01,8
RU000A10DXM9,ТЕХНЛГ 03,BB,2.5188,1074.03,22.4485,23.5,1000.0,2028-12-06,8
RU000A10DY27,АртгнБО02,BBB-,4.4928,1085.63,20.0054,21.0,1000.0,2030-11-27,8
RU000A10DY50,Сегежа3P8R,BB-,2.0287,1007.03,26.7215,24.0,1000.0,2028-06-10,8
RU000A10DYC8,ФПК2Р01,AA+,2.0287,1034.64,14.5941,15.4,1000.0,2028-06-10,8
RU000A10DYG9,Атомэнпр10,AAA,5.0486,1081.54,14.382,15.15,1000.0,2031-06-18,8
RU000A10DYJ3,ИАДОМ 1P35,AAA,29.3279,944.9574,16.8831,15.1,967.93,2055-09-28,8
RU000A10DYP0,ИКС5Фи3P15,AAA,9.5086,1020.48,13.2252,14.5,1000.0,2035-12-03,8
RU000A10DYZ9,АСГТРАФО-1,BB,4.4983,1060.02,24.4303,24.0,1000.0,2030-11-29,8
RU000A10DZB7,ГПБ004Р36,AA+,2.6667,790.03,9.2573,0.01,1000.0,2029-01-29,8
RU000A10DZH4,АПРИ 2Р12,BBB-,3.0226,1003.38,28.1697,25.0,1000.0,2029-06-08,8
RU000A10DZK8,ПолипП2Б13,A,1.5441,1040.16,18.1016,19.45,1000.0,2027-12-16,8
RU000A10DZL6,ТомОб35077,BBB,6.4613,1058.01,18.3665,17.8,1000.0,2032-11-15,8
RU000A10DZN2,ТомОб35078,BBB,6.3518,1081.99,14.497,15.1,1000.0,2032-10-06,8
RU000A10DZU7,А101 1P02,A+,1.5441,1029.63,16.1951,17.0,1000.0,2027-12-16,8
RU000A10DZW3,РЖД 1Р-50R,AAA,9.5113,1042.66,14.745,15.35,1000.0,2035-12-04,8
RU000A10E283,ХРОМОС Б4,BB,2.538,1030.66,25.6526,24.5,1000.0,2028-12-13,8
RU000A10E291,ГКАзот1P01,A+,4.5092,1040.48,15.5204,17.4,1000.0,2030-12-03,8
RU000A10E2B3,СовкмЭк1Р1,A+,3.5236,1044.57,17.6165,19.5,1000.0,2029-12-08,8
RU000A10E3T3,ВТБ Б1-380,AAA,0.1259,1017.73,5.1272,14.0,1000.0,2026-07-16,8
RU000A10E3Z0,ГПБ004Р37,AA+,0.6845,901.03,16.5225,0.01,1000.0,2027-02-05,8
RU000A10E457,ВТБС1-1706,AAA,5.6674,600.0,9.4416,0.01,1000.0,2032-01-30,8
RU000A10E4F0,Лмбрд888Б1,BBB,2.5982,1013.4,27.8137,25.0,1000.0,2029-01-04,8
RU000A10E4G8,ПСБ Фин2P2,A+,2.5982,1005.08,17.5623,16.5,1000.0,2029-01-04,8
RU000A10E4U9,БЭЛТИ БОП9,BB-,3.5893,1010.53,20.5819,19.0,1000.0,2030-01-01,8
RU000A10E4X3,ЕвроТранс9,C,4.5749,558.63,58.3557,20.0,1000.0,2030-12-27,8
RU000A10E4Y1,Аэрфью3Р01,A,2.141,1073.47,18.1543,20.0,1000.0,2028-07-21,8
RU000A10E5C4,АПРИ 2Р13,BBB-,3.0992,970.31,29.5981,24.5,1000.0,2029-07-06,8
RU000A10E5S0,ТАЛК002P04,BBB,3.6003,1004.6,26.7511,24.0,1000.0,2030-01-05,8
RU000A10E5V4,ГПБ004Р38,AA+,2.7433,769.03,10.0578,0.01,1000.0,2029-02-26,8
RU000A10E5Y8,СЕРГВ БО-2,BB-,9.5168,1029.66,26.4143,25.0,1000.0,2035-12-06,8
RU000A10E655,ГЛОРАКС1Р5,BBB,3.1129,1067.21,19.3224,20.5,1000.0,2029-07-11,8
RU000A10E6D0,iВУШ 1P5,BBB+,1.6372,1007.81,24.1527,22.0,1000.0,2028-01-19,8
RU000A10E6G3,Л-Старт1Р1,B,3.6112,1042.93,30.4376,32.0,1000.0,2030-01-09,8
RU000A10E6J7,Страна2Р2,BBB-,1.1472,1031.08,24.8415,25.25,1000.0,2027-07-24,8
RU000A10E6Q2,ИКС5Фи3P16,AAA,9.6235,1011.19,0.0262,0.0,1000.0,2036-01-14,8
RU000A10E6S8,РКС2Р7,BBB,2.6366,1044.06,27.9451,26.0,1000.0,2029-01-18,8
RU000A10E6U4,СамолетP19,A-,2.6366,972.48,28.5964,21.0,1000.0,2029-01-18,8
RU000A10E6V2,ИКС5Фи3P17,AAA,9.6181,1035.52,13.4189,14.5,1000.0,2036-01-12,8
RU000A10E739,РостелP22R,AAA,2.1465,1034.32,14.38,14.75,1000.0,2028-07-23,8
RU000A10E747,Сегеж3P10R,BB-,2.6393,1027.78,27.1589,25.0,1000.0,2029-01-19,8
RU000A10E7D8,ЛКПРОГР-01,B+,2.642,1021.2,29.7676,26.5,1000.0,2029-01-20,8
RU000A10E7G1,НоваБев3Р2,AA,2.642,1042.98,14.5268,15.25,1000.0,2029-01-20,8
RU000A10E7K3,реСтор1Р3,A-,1.6591,1041.96,17.8489,18.75,1000.0,2028-01-27,8
RU000A10E7M9,АЛЬФАБ1Р39,BBB,2.8063,900.03,3.8377,0.01,1000.0,2029-03-21,8
RU000A10E7N7,АЛЬФАБ1Р40,BBB,4.7775,826.33,4.0642,0.01,1000.0,2031-03-11,8
RU000A10E7Q0,АЛЬФАБ2Р31,BBB,0.6735,1025.34,12.8356,14.93,1000.0,2027-02-01,8
RU000A10E7U2,ПКФ1Р1,B,2.6557,839.77,43.0107,26.5,1000.0,2029-01-25,8
RU000A10E7W8,МЕТИН2P04,AA,3.6934,1008.7,0.0271,0.0,1000.0,2030-02-08,8
RU000A10E7Y4,ГПБ004Р39,AA+,0.7447,949.93,7.1778,0.01,1000.0,2027-02-27,8
RU000A10E846,СовкомБИ15,AA,1.744,905.03,5.9064,0.01,1000.0,2028-02-27,8
RU000A10E9M5,ЗОнлайнБ02,B,2.6612,1015.55,28.1243,26.0,1000.0,2029-01-27,8
RU000A10E9V6,ПУБ001Р-02,BB,2.6639,1033.43,21.0361,21.0,1000.0,2029-01-28,8
RU000A10E9Z7,МКАОВокс02,BBB+,1.6783,1030.21,20.276,20.0,1000.0,2028-02-03,8
RU000A10EA08,iСЛ 2P2,BBB+,2.5572,1074.05,17.8291,19.5,1000.0,2028-12-20,8
RU000A10EA16,ПочтаР3P03,AA,9.6454,1034.04,17.8213,17.75,1000.0,2036-01-22,8
RU000A10EA32,ПочтаР3P04,AA,9.6454,1007.11,0.0355,0.0,1000.0,2036-01-22,8
RU000A10EA40,ГКАзот1Р02,A+,4.6543,1036.02,15.552,16.5,1000.0,2031-01-25,8
RU000A10EAB8,АРЕНЗА1Р07,BBB+,2.7707,1049.97,17.9599,19.0,1000.0,2029-03-08,8
RU000A10EAC6,КАМАЗ БП20,A,1.6865,1012.69,16.755,15.95,1000.0,2028-02-06,8
RU000A10EAQ6,КРОНОС01,BB+,2.6749,986.8,32.094,27.0,1000.0,2029-02-01,8
RU000A10EAS2,ТМК 2P01,A,9.5743,785.61,17.6993,6.6,1000.0,2035-12-27,8
RU000A10EB07,МСБЛиз3P07,BBB-,2.6776,1019.55,22.1721,21.0,1000.0,2029-02-02,8
RU000A10EBE0,РостелP23R,AAA,1.692,1028.28,13.7321,14.55,1000.0,2028-02-08,8
RU000A10EC14,ВТБ Б1-381,AAA,0.2218,1008.57,14.2948,13.9,1000.0,2026-08-20,8
RU000A10EC22,Селигдар10,A+,2.6804,1024.13,16.801,16.65,1000.0,2029-02-03,8
RU000A10EC48,СЗА БО-06,BB-,4.6516,1014.58,28.1793,25.5,1000.0,2031-01-24,8
RU000A10EC63,Брус 2Р06,A-,2.6995,1016.84,24.0982,22.75,1000.0,2029-02-10,8
RU000A10ECA6,АдвТрак1Р2,BB-,4.6543,1014.19,26.5588,24.0,1000.0,2031-01-25,8
RU000A10ECY6,ЭЛРЕШ 1Р3,BBB,1.2183,1004.91,26.1532,23.5,1000.0,2027-08-19,8
RU000A10ED62,Вернём1Р1,B,2.6995,1027.96,28.4067,26.5,1000.0,2029-02-10,8
RU000A10ED70,ПЮЛ БО-01,BBB,4.6708,1032.01,23.6897,25.0,1000.0,2031-01-31,8
RU000A10EDB2,АквилонЛР5,BBB-,2.7324,913.726,23.4683,21.0,920.0,2029-02-22,8
RU000A10EDE6,ГПБ004Р40,AA+,2.8309,679.02,14.6716,0.01,1000.0,2029-03-30,8
RU000A10EDV0,АйДиКол1P7,BBB-,3.6879,1005.94,22.2961,20.75,1000.0,2030-02-06,8
RU000A10EE87,Систем2P12,AA-,4.6735,1012.9,17.8874,17.5,1000.0,2031-02-01,8
RU000A10EES4,ВИС Ф БП11,A+,2.7132,1043.77,16.0808,17.0,1000.0,2029-02-15,8
RU000A10EEZ9,iСелктл1Р7,A+,2.7159,1026.7,14.6677,15.0,1000.0,2029-02-16,8
RU000A10EF11,iПМЕДДМ2Р3,A-,1.7303,994.0,0.1799,0.0,1000.0,2028-02-22,8
RU000A10EF52,Сбер Sb52R,AAA,2.2478,1027.37,14.0187,14.2,1000.0,2028-08-29,8
RU000A10EF94,СберИОС782,AAA,0.8186,980.0,2.5179,0.01,1000.0,2027-03-26,8
RU000A10EFP7,ВТБ Б1-331,AAA,0.8706,901.6,12.6782,0.01,1000.0,2027-04-14,8
RU000A10EFQ5,ВТБ Б1-332,AAA,0.4079,915.0,24.5053,0.01,1000.0,2026-10-27,8
RU000A10EFR3,ВТБ Б1-333,AAA,0.9035,900.0,12.4099,0.01,1000.0,2027-04-26,8
RU000A10EFS1,ВТБ Б1-334,AAA,0.449,953.7,23.4952,0.01,1000.0,2026-11-11,8
RU000A10EFW3,ЛАЗСИСТ-02,BBB,2.7187,1081.99,18.9794,20.75,1000.0,2029-02-17,8
RU000A10EFY9,СберИОС784,AAA,1.8042,894.0,6.4245,0.01,1000.0,2028-03-20,8
RU000A10EG44,ИЛОН 1Р-01,BBB+,1.7358,1043.28,16.9068,17.7,1000.0,2028-02-24,8
RU000A10EH43,ВТБС1-1740,AAA,2.935,602.9,18.9277,0.01,1000.0,2029-05-07,8
RU000A10EH76,ГПБ006Р05P,AA+,4.7912,542.8,17.885,0.0,1000.0,2031-03-16,8
RU000A10EHB3,ЛаймЗайм06,BB+,4.7064,1057.71,23.9462,23.5,1000.0,2031-02-13,8
RU000A10EHC1,ГМС002Р-01,A,9.6345,1006.48,0.1315,0.0,1000.0,2036-01-18,8
RU000A10EJQ7,Атомэнпр11,AAA,3.5209,1057.92,14.4764,14.7,1000.0,2029-12-07,8
RU000A10EJR5,АРЛФ1Р01,BB+,2.7406,1019.52,25.8687,23.5,1000.0,2029-02-25,8
RU000A10EJZ8,ЭкоНив1Р01,A,2.7488,1052.06,15.777,16.75,1000.0,2029-02-28,8
RU000A10EK06,СэтлГрБ2P7,A-,1.7632,1026.14,16.2721,16.5,1000.0,2028-03-05,8
RU000A10EK48,СБСекр4АС,AAA,8.8186,928.364,16.3472,15.5,923.49,2035-03-26,8
RU000A10EK63,РОССИЯ1Р2,AA-,0.7775,1007.0,0.0,0.0,1000.0,2027-03-11,8
RU000A10EK71,БорецК1Р05,A-,2.7488,1063.32,17.2487,18.5,1000.0,2029-02-28,8
RU000A10EKA9,ИнвОбл15,AA,0.3778,969.91,6.5811,0.01,1000.0,2026-10-16,8
RU000A10EKX1,ЭТС 1Р09,BBB+,3.7372,1026.38,17.9105,18.0,1000.0,2030-02-24,8
RU000A10EKZ6,R-Vision 3,A+,2.7515,1040.1,14.7036,15.25,1000.0,2029-03-01,8
RU000A10EL13,ПЭТ 1Р2,B,2.7515,1041.71,27.1723,26.0,1000.0,2029-03-01,8
RU000A10EL21,ИАДОМ 1P61,AAA,30.4969,974.2926,16.9224,15.5,984.21,2056-11-28,8
RU000A10EL70,ИКС5Фи3P18,AAA,9.8289,1031.34,12.1913,13.5,1000.0,2036-03-29,8
RU000A10EMF4,ПКБ 1Р-10,A-,2.7598,1004.3,0.1091,0.0,1000.0,2029-03-04,8
RU000A10EMG2,НоваБев3Р3,AA,2.7598,1026.16,14.3857,14.5,1000.0,2029-03-04,8
RU000A10EMJ6,ТЕХЛиз 1P8,BB+,2.7598,1023.61,25.9893,24.0,1000.0,2029-03-04,8
RU000A10EML2,ВТБЛИЗ 1Р5,AA,2.7598,1020.95,15.3149,15.5,1000.0,2029-03-04,8
RU000A10EMM0,СовкВзск01,BBB,3.9014,1035.17,18.0123,17.0,1000.0,2030-04-25,8
RU000A10EMS7,СелоЗ1Р-3,A,4.7392,1005.4,0.0021,0.0,1000.0,2031-02-25,8
RU000A10EMU3,sГТЛК2P-12,AA-,3.7536,1008.4,17.3099,16.25,1000.0,2030-03-02,8
RU000A10EN11,РЖД 1Р-52R,AAA,9.8344,1018.77,14.8194,14.5,1000.0,2036-03-31,8
RU000A10EN29,КАМАЗ БП22,A,1.7851,1023.68,15.7663,16.0,1000.0,2028-03-13,8
RU000A10EN52,ВОСТКОЙЛ-2,B-,4.7447,998.91,29.3504,26.0,1000.0,2031-02-27,8
RU000A10EN60,РостелP24R,AAA,1.6235,1010.83,14.4386,13.9,1000.0,2028-01-14,8
RU000A10EN78,АЛЬЯНС 1P9,BBB-,2.7734,1006.39,26.1703,23.5,1000.0,2029-03-09,8
RU000A10EN94,СберИОС786,AAA,0.9802,967.3,0.7321,0.01,1000.0,2027-05-24,8
RU000A10ENA3,Йуми Б01,B+,2.7734,1003.76,27.6711,25.0,1000.0,2029-03-09,8
RU000A10ENB1,СберИОС787,AAA,2.935,942.5,2.0497,0.01,1000.0,2029-05-07,8
RU000A10ENP1,АлфФб ПК3,AAA,6.3381,1024.34,48.4676,16.3,1000.0,2032-10-01,8
RU000A10ENS5,МЕТИН2P05,AA,3.8166,995.26,0.2193,0.0,1000.0,2030-03-25,8
RU000A10ENT3,Финэква1Р2,BB,3.7618,1030.74,24.1978,23.0,1000.0,2030-03-05,8
RU000A10ENU1,ВТБ Б1-232,AAA,0.3176,1023.62,14.1194,13.0,1000.0,2026-09-24,8
RU000A10EPG5,ВЭБ2Р-К715,BBB,0.0274,1002.29,14.9132,13.96,1000.0,2026-06-10,8
RU000A10EPQ4,Автодр5Р16,AA,2.4504,1016.05,14.9056,15.4,1000.0,2028-11-11,8
RU000A10EPT8,ДрктЛиз2Р6,BB,4.7502,974.9097,27.1151,24.5,966.6,2031-03-01,8
RU000A10EPU6,АВТОА1P01,BB+,2.7789,1046.5,24.9218,24.5,1000.0,2029-03-11,8
RU000A10EPV4,СИМПЛСК1Р2,BBB-,9.6783,975.33,25.2528,21.0,1000.0,2036-02-03,8
RU000A10EQ34,АФБАНК1Р18,AA,2.7871,1014.92,15.1334,14.75,1000.0,2029-03-14,8
RU000A10EQ83,Самолет2P3,A-,4.7584,988.66,24.5549,21.5,1000.0,2031-03-04,8
RU000A10EQ91,СберИОС788,AAA,0.9144,1024.3,0.4734,0.01,1000.0,2027-04-30,8
RU000A10EQD0,Роделен2P5,BBB,4.7611,1006.41,24.1124,22.0,1000.0,2031-03-05,8
RU000A10EQG3,ИАДОМ 1P62,AAA,30.5791,995.2647,17.0532,15.85,992.42,2056-12-28,8
RU000A10EQV2,БиоВит 1Р2,BB+,2.7953,1046.54,23.1792,23.25,1000.0,2029-03-17,8
RU000A10ER41,ФЛИТ 1Р3,A-,2.7981,995.0,19.9389,16.0,1000.0,2029-03-18,8
RU000A10ER66,ФосАгро2П6,AAA,2.8775,1012.88,14.1411,13.75,1000.0,2029-04-16,8
RU000A10ERA4,ЭконЛиз2Р2,BBB-,2.8309,1069.81,23.3773,23.0,1000.0,2029-03-30,8
RU000A10ERC0,АПРИ 2Р14,BBB-,4.7693,965.8,29.4473,24.75,1000.0,2031-03-08,8
RU000A10ERD8,УПТК65 1P2,BB,4.7693,934.6,27.6869,22.0,1000.0,2031-03-08,8
RU000A10ERE6,АВТОБФ БП8,A+,5.755,1007.4,17.8466,16.9,1000.0,2032-03-02,8
RU000A10ERH9,АВТОБФ БП9,A+,5.755,1000.4,19.3629,18.0,1000.0,2032-03-02,8
RU000A10ERS6,Бустер Б03,BB-,2.809,1046.24,23.979,23.5,1000.0,2029-03-22,8
RU000A10ERV0,Магнит6P02,AA+,2.3162,1009.63,0.0,0.0,1000.0,2028-09-23,8
RU000A10ES24,Л-Старт 03,B,4.2875,1004.1,32.8172,28.5,1000.0,2030-09-13,8
RU000A10ES32,ОДК1Р01,A+,2.809,1041.41,16.8264,17.0,1000.0,2029-03-22,8
RU000A10ES99,СберИОС792,AAA,2.9843,958.0,1.4592,0.01,1000.0,2029-05-25,8
RU000A10ESF1,ФДВФакт1P1,BBB,3.3073,1048.22,21.1997,23.0,1000.0,2029-09-20,8
RU000A10ESM7,МТС 2Р-18,AAA,9.7166,1012.56,14.5294,13.9,1000.0,2036-02-17,8
RU000A10ESN5,Вернём1Р2,B,2.8172,1029.37,27.8376,25.5,1000.0,2029-03-25,8
RU000A10EST2,ЭталонФин5,BBB+,2.8172,1005.1,22.3125,20.0,1000.0,2029-03-25,8
RU000A10ET15,СберИОС793,AAA,2.9076,980.0,0.7076,0.01,1000.0,2029-04-27,8
RU000A10ETL7,РостелP25R,AAA,1.8426,1009.41,14.413,13.65,1000.0,2028-04-03,8
RU000A10ETM5,ЭТС 1Р10,BBB+,3.8138,1008.85,0.0,0.0,1000.0,2030-03-24,8
RU000A10ETQ6,ПСБ 4P-02,AAA,2.8282,1022.71,14.374,14.05,1000.0,2029-03-29,8
RU000A10EV52,СЗА БО-07,BB-,2.8309,1022.58,28.0803,25.5,1000.0,2029-03-30,8
RU000A10EV60,ИнтелК Б02,B+,4.8022,1024.07,25.1149,23.25,1000.0,2031-03-20,8
RU000A10EVH1,sЛЕГЕНД2P6,BBB,2.8665,620.19,19.1396,1.0,1000.0,2029-04-12,8
RU000A10EVP4,ВТБ Б1-390,AAA,0.9473,925.1,8.5949,0.01,1000.0,2027-05-12,8
RU000A10EW51,АБЗ-1 2Р06,A-,2.8364,1009.47,18.8167,17.5,1000.0,2029-04-01,8
RU000A10EW77,РКСОлимпA1,AAA,7.5948,1013.14,16.2485,16.0,1000.0,2034-01-03,8
RU000A10EW85,РКСОлимпА2,AAA,7.5948,1012.68,17.0695,16.6,1000.0,2034-01-03,8
RU000A10EW93,РКСОлимпA3,AAA,7.5948,1021.05,14.4296,15.3,1000.0,2034-01-03,8
RU000A10EWA4,РКСОлимпA4,AAA,7.5948,1018.64,16.0293,15.5,1000.0,2034-01-03,8
RU000A10EWL1,ПочтаР3P05,AA,9.8261,1014.81,18.0622,17.15,1000.0,2036-03-28,8
RU000A10EX35,ИНТРФУД-01,BBB,2.8474,1003.15,29.9099,26.0,1000.0,2029-04-05,8
RU000A10EXF1,ГрупПроБ03,BB-,2.8501,952.93,28.6989,23.0,1000.0,2029-04-06,8
RU000A10EXG9,ПРГРС 1Р1,BB-,4.8214,1018.13,27.588,25.0,1000.0,2031-03-27,8
RU000A10EXJ3,МэйлБ1Р2,AA,2.8501,1006.96,14.959,14.15,1000.0,2029-04-06,8
RU000A10EXS4,Агроклуб 1,BBB,2.8528,1008.25,27.8683,25.0,1000.0,2029-04-07,8
RU000A10EXU0,АдвТрак1Р3,BB-,4.8241,1012.98,26.5274,24.0,1000.0,2031-03-28,8
RU000A10EXW6,Селигдар11,A+,2.8528,1004.12,16.945,15.75,1000.0,2029-04-07,8
RU000A10EXY2,СберИОС795,AAA,3.0308,972.7,0.4095,0.01,1000.0,2029-06-11,8
RU000A10EY26,ФЛИТ 1Р4,A-,2.8556,964.2495,17.1146,16.0,959.5,2029-04-08,8
RU000A10EYE2,СбКИБ1P620,AAA,0.9911,990.0,1.0213,0.0,1000.0,2027-05-28,8
RU000A10EYH5,ЛСР БО2Р01,A,2.8665,1003.74,16.774,15.65,1000.0,2029-04-12,8
RU000A10EYJ1,ВИС Ф БП12,A+,3.3593,1014.66,17.2583,16.5,1000.0,2029-10-09,8
RU000A10EYT0,Идель 1Р1,B+,4.8378,1005.2,30.5396,27.0,1000.0,2031-04-02,8
RU000A10EYU8,iВУШ 1P6,BBB+,2.8665,997.01,24.6782,22.0,1000.0,2029-04-12,8
RU000A10EYV6,ПГК3Р04,AA,3.2772,1006.11,16.3557,15.4,1000.0,2029-09-09,8
RU000A10EYX2,МегаФн2Р11,AAA,2.7023,999.76,0.1599,0.0,1000.0,2029-02-11,8
RU000A10EYY0,Медскан1Р2,A,1.963,1003.1,16.3948,15.35,1000.0,2028-05-17,8
RU000A10EYZ7,МегаФн2Р12,AAA,2.3737,1000.16,0.1183,0.0,1000.0,2028-10-14,8
RU000A10F0W2,АйДиКол1P8,BBB-,3.8549,1008.22,21.9213,20.25,1000.0,2030-04-08,8
RU000A10F0X0,РКС2Р8,BBB,2.8693,1004.79,28.5946,25.5,1000.0,2029-04-13,8
RU000A10F157,СберИОС796,AAA,0.9911,972.8,3.095,0.01,1000.0,2027-05-28,8
RU000A10F397,ТБ-8_А1,AAA,4.0164,1018.73,15.8185,16.0,1000.0,2030-06-06,8
RU000A10F470,ТрансКо2P3,AA-,2.8884,1018.51,17.4669,16.5,1000.0,2029-04-20,8
RU000A10F4G7,СберИОС797,AAA,3.0746,997.5,0.1733,0.01,1000.0,2029-06-27,8
RU000A10F4Z7,БДеньг-3P2,BB,3.8795,1047.84,22.9832,22.25,1000.0,2030-04-17,8
RU000A10F504,ВЭБ2Р-58,AAA,3.0445,1007.3993,1.8617,1.85,1006.58,2029-06-16,8
RU000A10F512,iКарРус1P8,BBB+,2.8939,1010.37,24.6904,22.0,1000.0,2029-04-22,8
RU000A10F595,ТЛК 1Р5,BB-,2.9076,1030.55,28.1351,26.0,1000.0,2029-04-27,8
RU000A10F5F6,ПионЛизБО9,B,4.8816,1010.89,29.9969,26.5,1000.0,2031-04-18,8
RU000A10F6F4,Автодор4Р8,AA,2.5845,1010.45,15.1815,14.9,1000.0,2028-12-30,8
RU000A10F6G2,ПКБ 1Р-11,A-,3.0773,1008.88,0.0651,0.0,1000.0,2029-06-28,8
RU000A10F6H0,ПИР 1P6,BB,2.4203,991.58,30.521,25.5,1000.0,2028-10-31,8
RU000A10F6J6,Кеарли 1Р2,B+,2.9131,1003.73,28.5514,25.0,1000.0,2029-04-29,8
RU000A10F6U3,РусГид2Р13,AAA,3.1704,1005.98,0.0,0.0,1000.0,2029-08-01,8
RU000A10F6V1,Реиннол1P5,BB-,4.95,1004.18,27.821,25.5,1000.0,2031-05-13,8
RU000A10F6Y5,Брус 2Р08,A-,2.9322,1005.3,23.4713,21.25,1000.0,2029-05-06,8
RU000A10F710,ЮУЛЦ 1Р2,BB,2.9268,1032.17,24.7658,23.5,1000.0,2029-05-04,8
RU000A10F751,Ульоб34013,BBB,2.9295,1002.78,15.3193,14.25,1000.0,2029-05-05,8
RU000A10F7J4,Якут-34006,A+,2.9322,1007.93,14.5275,13.7,1000.0,2029-05-06,8
RU000A10F7K2,Л-Старт2Р1,B,4.4107,1009.59,32.4525,28.5,1000.0,2030-10-28,8
RU000A10F7L0,Атомэнпр12,AAA,2.9651,1002.83,14.3971,13.7,1000.0,2029-05-18,8
RU000A10F7V9,ПолипП2Б16,A,2.9405,1015.22,18.3188,17.45,1000.0,2029-05-09,8
RU000A10F801,ГТЛК 2P-13,AA-,3.9288,996.46,17.4542,15.95,1000.0,2030-05-05,8
RU000A10F827,МегаФн2Р13,AAA,1.6318,1004.69,14.1478,13.3,1000.0,2028-01-17,8
RU000A10F850,РОЛЬФ 1Р09,BBB+,1.9576,993.24,22.0909,19.5,1000.0,2028-05-15,8
RU000A10F8G8,СПМК БО-03,B+,3.4387,1004.86,19.2995,18.0,1000.0,2029-11-07,8
RU000A10F8N4,МТС 3Р-02,AAA,11.8193,1001.69,0.0008,0.0,1000.0,2038-03-26,8
RU000A10F8P9,РЖД 1Р-53R,AAA,3.8522,901.37,15.0906,10.75,1000.0,2030-04-07,8
RU000A10F8Q7,РосОб34001,A,2.9487,1008.96,17.3603,16.5,1000.0,2029-05-12,8
RU000A10F8R5,СКСЛомбБ03,BBB,2.9487,1003.35,23.7506,21.5,1000.0,2029-05-12,8
RU000A10F8T1,Ростел3P01,AAA,3.2307,750.73,14.1847,3.85,1000.0,2029-08-23,8
RU000A10F9N2,ЛКПРОГР-02,B+,2.9514,1003.14,27.9892,25.0,1000.0,2029-05-13,8
